run	ckpt_a	ckpt_b	acc_a	acc_b	acc_delta	global_block	stage	block	head	js_divergence	cosine_distance	topk_overlap_change	entropy_a	entropy_b	entropy_delta	oscillation_score
original	48	49	80.598	80.514	-0.08400000000000318	0	0	0	0	1.7372653254608148e-05	5.888218783978161e-05	0.015306122448979591	3.8233966501738945	3.8233270480141526	6.960215974194384e-05	0.015389337506048175
original	48	49	80.598	80.514	-0.08400000000000318	0	0	0	1	7.99168972809569e-06	1.893243142703227e-06	0.0	2.2326646967447017	2.233111556553351	0.00044685980864933583	5.45709137357325e-05
original	48	49	80.598	80.514	-0.08400000000000318	0	0	0	2	2.6757548763616476e-05	9.577870085530904e-05	0.030612244897959183	3.832668576873292	3.8321479241781313	0.0005206526951608836	0.030786846417094196
original	48	49	80.598	80.514	-0.08400000000000318	1	0	1	0	9.213774374826557e-05	0.0002878102394597848	0.05612244897959184	3.7195489352896227	3.718104917978481	0.0014440173111416321	0.05664679869391405
original	48	49	80.598	80.514	-0.08400000000000318	1	0	1	1	7.52776746266756e-05	3.176213427169561e-05	0.01020408163265306	2.0461810129174984	2.048791280422954	0.002610267505455788	0.01057214819209701
original	48	49	80.598	80.514	-0.08400000000000318	1	0	1	2	5.902146218276127e-05	0.00019460494587997257	0.05102040816326531	3.74450527998179	3.744493069456801	1.2210524988898186e-05	0.05127525562382693
original	48	49	80.598	80.514	-0.08400000000000318	2	1	0	0	0.00013093830023350466	0.0003764101249356111	0.12244897959183673	3.7901086347074675	3.7894492630462118	0.0006593716612557365	0.12302226518313142
original	48	49	80.598	80.514	-0.08400000000000318	2	1	0	1	0.00023516164268817287	0.0007356095337806012	0.09183673469387756	3.7763921843566943	3.775738408542663	0.0006537758140314764	0.09287288345174949
original	48	49	80.598	80.514	-0.08400000000000318	2	1	0	2	0.0006551002677388699	8.01823657451406e-05	0.00510204081632653	1.76739805734692	1.776050299955907	0.008652242608987004	0.006702547710709241
original	48	49	80.598	80.514	-0.08400000000000318	2	1	0	3	0.0006822492093310202	6.249981543804406e-05	0.08673469387755102	1.406984366099543	1.4237497688825367	0.016765402782993766	0.08915598318061946
original	48	49	80.598	80.514	-0.08400000000000318	2	1	0	4	0.0008762126466251561	3.4526493839170946e-05	0.12244897959183673	0.8384160475350272	0.8421129466570781	0.003696899122050956	0.12372940864450616
original	48	49	80.598	80.514	-0.08400000000000318	2	1	0	5	0.0008955069420544692	4.900706087151985e-05	0.16326530612244897	0.9957089415719095	1.0039150852596121	0.008206143687702672	0.16503043449414523
original	48	49	80.598	80.514	-0.08400000000000318	3	1	1	0	0.00011936187739996639	0.00019639902112034147	0.030612244897959183	3.0929076115941934	3.092146031102724	0.0007615804914693491	0.031004163845626428
original	48	49	80.598	80.514	-0.08400000000000318	3	1	1	1	0.0004702688737145618	0.00022257229899980135	0.02040816326530612	1.940188696195911	1.9319500987056497	0.008238597490261235	0.021924864187046606
original	48	49	80.598	80.514	-0.08400000000000318	3	1	1	2	0.0007311082631235712	0.0009376049395931618	0.04081632653061224	3.049192753230548	3.0408488962557083	0.008343856974839525	0.04331942543081293
original	48	49	80.598	80.514	-0.08400000000000318	3	1	1	3	0.001028098770049852	0.002012132411009837	0.10204081632653061	3.3992476508790372	3.3998786359385447	0.0006309850595074273	0.10514414601354104
original	48	49	80.598	80.514	-0.08400000000000318	3	1	1	4	0.0006184706448051407	0.00045035683405114657	0.02040816326530612	2.7321412499358324	2.7345784603275183	0.0024372103916858734	0.021720711783330994
original	48	49	80.598	80.514	-0.08400000000000318	3	1	1	5	0.0003888004077944512	0.0006838351536669895	0.05102040816326531	3.2812988832325365	3.2797345638617803	0.0015643193707561842	0.052249475661802366
original	48	49	80.598	80.514	-0.08400000000000318	4	2	0	0	0.0005777401737548039	0.0005363478180598902	0.0	2.6072770251633077	2.6111138365196225	0.003836811356314751	0.0014977691274461692
original	48	49	80.598	80.514	-0.08400000000000318	4	2	0	1	0.0006497611942638808	0.0009783773543138308	0.04081632653061224	3.415617865559081	3.418973594344428	0.0033557287853471784	0.04278003795772467
original	48	49	80.598	80.514	-0.08400000000000318	4	2	0	2	0.001574242938889108	0.0042557829006935055	0.1326530612244898	3.6038844368387934	3.604705749345337	0.0008213125065434923	0.13856521831472676
original	48	49	80.598	80.514	-0.08400000000000318	4	2	0	3	0.001984336402408782	0.005487249615106937	0.19387755102040816	3.664393696793066	3.666775742064356	0.0023820452712901563	0.2015873415650529
original	48	49	80.598	80.514	-0.08400000000000318	4	2	0	4	0.0009558995439220632	0.0028880519351831557	0.1836734693877551	3.7696309414182894	3.7682953310630594	0.0013356103552299992	0.18765098190238333
original	48	49	80.598	80.514	-0.08400000000000318	4	2	0	5	0.0008033767571423405	0.00021048317272531758	0.02040816326530612	2.11755677837691	2.1153450981649935	0.0022116802119165335	0.02164319121636543
original	48	49	80.598	80.514	-0.08400000000000318	4	2	0	6	0.0010430333399516667	0.00031806954826996137	0.030612244897959183	2.253673208246733	2.260556914506054	0.0068837062593209986	0.03266171841211291
original	48	49	80.598	80.514	-0.08400000000000318	4	2	0	7	0.0008742144946749146	0.0030702503557223926	0.2653061224489796	3.818240776830057	3.81940677799036	0.0011660011603029652	0.2693671874154072
original	48	49	80.598	80.514	-0.08400000000000318	4	2	0	8	0.0010562595416441852	0.0037794099602603826	0.27040816326530615	3.8335835619841525	3.8357426513788693	0.002159089394716762	0.27545974170668236
original	48	49	80.598	80.514	-0.08400000000000318	4	2	0	9	0.00039783012160558243	0.0009554313322370778	0.08163265306122448	3.3706987608803574	3.372920237639414	0.0022214767590567064	0.08320806219097282
original	48	49	80.598	80.514	-0.08400000000000318	4	2	0	10	0.0008797441988052377	0.0002357966811181722	0.04591836734693878	2.0961722794205	2.0895484846618895	0.006623794758610746	0.047696287702723265
original	48	49	80.598	80.514	-0.08400000000000318	4	2	0	11	0.000586433015911301	0.00015030401954241324	0.030612244897959183	1.9325121647243249	1.9316362312120439	0.0008759335122809908	0.031436575284641
original	48	49	80.598	80.514	-0.08400000000000318	5	2	1	0	0.00230954454144045	0.003330492239819405	0.03571428571428571	3.1785986052222652	3.1793095215390736	0.0007109163168084187	0.04142541412722641
original	48	49	80.598	80.514	-0.08400000000000318	5	2	1	1	0.0013691198272019543	0.003136535422485598	0.1377551020408163	3.544401611281043	3.5418045283608883	0.002597082920154481	0.1425204655825193
original	48	49	80.598	80.514	-0.08400000000000318	5	2	1	2	0.0009345352099007795	0.0019062607577665647	0.08163265306122448	3.377768883689621	3.381439831086207	0.0036709473965856887	0.0848405437685504
original	48	49	80.598	80.514	-0.08400000000000318	5	2	1	3	0.0012925509680336285	0.0008105157192175305	0.030612244897959183	2.511566211483283	2.507586235839872	0.003979975643411127	0.033113309149551455
original	48	49	80.598	80.514	-0.08400000000000318	5	2	1	4	0.001491134945051459	0.0009342526469799939	0.015306122448979591	2.509612987668501	2.5098640159872234	0.0002510283187224793	0.01775661287288329
original	48	49	80.598	80.514	-0.08400000000000318	5	2	1	5	0.0009443072676154927	0.000339461552049114	0.03571428571428571	2.148639329828149	2.1425453288983927	0.006094000929756316	0.03760745462692595
original	48	49	80.598	80.514	-0.08400000000000318	5	2	1	6	0.001535680923371213	0.0022072846800090806	0.07653061224489796	3.168812032806773	3.162006754234876	0.006805278571896611	0.08095410570546792
original	48	49	80.598	80.514	-0.08400000000000318	5	2	1	7	0.0004885879394853581	0.00026035497384013784	0.025510204081632654	2.107097365298739	2.1030673262946395	0.004030039004099262	0.026662150895368077
original	48	49	80.598	80.514	-0.08400000000000318	5	2	1	8	0.0006598681105068134	0.00026663910781721256	0.025510204081632654	2.160611471110198	2.159277693421396	0.0013337776888016073	0.02657008906883684
original	48	49	80.598	80.514	-0.08400000000000318	5	2	1	9	0.002873911702644485	0.006761708527666888	0.1683673469387755	3.5115870676869148	3.509636665500845	0.0019504021860696774	0.17819800738769384
original	48	49	80.598	80.514	-0.08400000000000318	5	2	1	10	0.0029545820705423184	0.0035721419373515584	0.07142857142857142	3.0508743964033966	3.0483427603796147	0.0025316360237819246	0.07820845903884349
original	48	49	80.598	80.514	-0.08400000000000318	5	2	1	11	0.002679884274166368	0.0031603301978970766	0.08673469387755102	2.9543961190662085	2.9562341248640767	0.0018380057978681918	0.09275870892940127
original	48	49	80.598	80.514	-0.08400000000000318	6	2	2	0	0.0015298925687143728	0.004658766530041825	0.1326530612244898	3.7418841794614606	3.739718703304534	0.002165476156926527	0.13905826793893866
original	48	49	80.598	80.514	-0.08400000000000318	6	2	2	1	0.0011467759112560047	0.0032945704300846312	0.25510204081632654	3.7079927730871103	3.7117558854942687	0.003763112407158431	0.259919698398383
original	48	49	80.598	80.514	-0.08400000000000318	6	2	2	2	0.0028900875661661803	0.00874757348755173	0.23979591836734693	3.691793611547045	3.691413433465512	0.00038017808153290034	0.2514715972292181
original	48	49	80.598	80.514	-0.08400000000000318	6	2	2	3	0.0008365339667014947	0.002104496310346926	0.14795918367346939	3.595241389935738	3.5952850567359365	4.36668001984053e-05	0.15090458063053766
original	48	49	80.598	80.514	-0.08400000000000318	6	2	2	4	0.0033215061393147196	0.00877405053689917	0.1989795918367347	3.5946799291251605	3.5936089747144684	0.0010709544106921598	0.2111822439540178
original	48	49	80.598	80.514	-0.08400000000000318	6	2	2	5	0.00040012744300435755	0.0006322164813452602	0.030612244897959183	2.61380262656945	2.6146912504707736	0.0008886239013237152	0.03173345121244117
original	48	49	80.598	80.514	-0.08400000000000318	6	2	2	6	0.0008848188732670356	0.003133697258614565	0.3010204081632653	3.815812947718703	3.81616770449482	0.0003547567761170711	0.3050743999727586
original	48	49	80.598	80.514	-0.08400000000000318	6	2	2	7	0.0016758241387074906	0.0019722117477939394	0.04081632653061224	3.0051725812143864	3.0056755274010722	0.0005029461866858931	0.04451465703578226
original	48	49	80.598	80.514	-0.08400000000000318	6	2	2	8	0.0022587976493369543	0.004623119245149132	0.11224489795918367	3.422489953940396	3.4197384165071623	0.002751537433233864	0.11940196859699315
original	48	49	80.598	80.514	-0.08400000000000318	6	2	2	9	0.00172047492796265	0.0013432467034137918	0.025510204081632654	2.651712069801727	2.6488648685548832	0.002847201246843678	0.028858645837693465
original	48	49	80.598	80.514	-0.08400000000000318	6	2	2	10	0.001886595870930537	0.001870973714240165	0.04081632653061224	2.815241243586775	2.8219477823468897	0.006706538760114622	0.045244549991794406
original	48	49	80.598	80.514	-0.08400000000000318	6	2	2	11	0.001405899950265709	0.004484723036765725	0.24489795918367346	3.7329693336644367	3.7367111635768153	0.0037418299123785914	0.25116276516194275
original	48	49	80.598	80.514	-0.08400000000000318	7	2	3	0	0.0020662290243645197	0.0019900506695451625	0.0663265306122449	2.6939637387354853	2.6900917963259263	0.003871942409559015	0.0707700045471105
original	48	49	80.598	80.514	-0.08400000000000318	7	2	3	1	0.003708377468848273	0.001260363587390123	0.05612244897959184	2.427759098971311	2.4523110636986516	0.024551964727340447	0.06354638650856427
original	48	49	80.598	80.514	-0.08400000000000318	7	2	3	2	0.002436006141190142	0.002059756511740951	0.025510204081632654	2.655022662144286	2.6489708634727753	0.006051798671510511	0.030611146601714795
original	48	49	80.598	80.514	-0.08400000000000318	7	2	3	3	0.000961629925435915	0.002487633356884178	0.04591836734693878	3.6068764917978253	3.6035170717117166	0.0033594200861086776	0.04970357263786974
original	48	49	80.598	80.514	-0.08400000000000318	7	2	3	4	0.0025511810226535483	0.0065369327706225056	0.11224489795918367	3.581020955946625	3.579925160900971	0.0010957950456540466	0.12144259125702513
original	48	49	80.598	80.514	-0.08400000000000318	7	2	3	5	0.0016837747787049303	0.0011233833795155634	0.02040816326530612	2.213948914571984	2.210405571182723	0.0035433433892611	0.023569655762452724
original	48	49	80.598	80.514	-0.08400000000000318	7	2	3	6	0.003388454633641679	0.008016461060117663	0.19387755102040816	3.4568803338015672	3.4583890154921506	0.00150868169058338	0.20543333488322585
original	48	49	80.598	80.514	-0.08400000000000318	7	2	3	7	0.002186207354082831	0.004270388642259815	0.07142857142857142	3.363322099118175	3.3593019093298175	0.004020189788357609	0.07828718640374983
original	48	49	80.598	80.514	-0.08400000000000318	7	2	3	8	0.0017924849492214332	0.002947669113254281	0.04591836734693878	3.100424914715745	3.0993567603471455	0.0010681543685997497	0.05076533684627447
original	48	49	80.598	80.514	-0.08400000000000318	7	2	3	9	0.0033481724245129395	0.006876047217214798	0.09183673469387756	3.3894994257689386	3.3850908360534113	0.004408589715527267	0.10250181330715802
original	48	49	80.598	80.514	-0.08400000000000318	7	2	3	10	0.0012729209782974807	0.0010579668885060123	0.05612244897959184	2.055683189759805	2.0497675508542175	0.005915638905587439	0.05904490073695407
original	48	49	80.598	80.514	-0.08400000000000318	7	2	3	11	0.0035789942417691024	0.009967990205668187	0.18877551020408162	3.6221031355961224	3.62311338197991	0.0010102463837875497	0.20242351928989766
original	48	49	80.598	80.514	-0.08400000000000318	8	2	4	0	0.004080659455943316	0.010276788532485148	0.20408163265306123	3.5597862691402464	3.5575869354102925	0.002199333729953956	0.2186590140144851
original	48	49	80.598	80.514	-0.08400000000000318	8	2	4	1	0.003095843213157469	0.008412498890256415	0.15816326530612246	3.616980570240509	3.608933683499775	0.00804688674073395	0.17047629608360976
original	48	49	80.598	80.514	-0.08400000000000318	8	2	4	2	0.003596623557084719	0.0113483290729961	0.25510204081632654	3.751730695650263	3.7513692194984554	0.00036147615180759374	0.27008314106158815
original	48	49	80.598	80.514	-0.08400000000000318	8	2	4	3	0.003780785489143459	0.010969587858595475	0.23979591836734693	3.6825952076418837	3.681495008993878	0.0011001986480057013	0.25465631157988644
original	48	49	80.598	80.514	-0.08400000000000318	8	2	4	4	0.0006421771311037651	0.002302303309500875	0.16326530612244897	3.6872263201568343	3.686810925031834	0.00041539512500010645	0.16625132607555362
original	48	49	80.598	80.514	-0.08400000000000318	8	2	4	5	0.0035178362452338756	0.006376524333365996	0.09183673469387756	3.388266346327782	3.3797546715428823	0.008511674784899448	0.10258226275096737
original	48	49	80.598	80.514	-0.08400000000000318	8	2	4	6	0.002409059226934707	0.007530446626138998	0.19387755102040816	3.7106360160920704	3.710227841212122	0.00040817487994848634	0.2038578743614767
original	48	49	80.598	80.514	-0.08400000000000318	8	2	4	7	0.002944105872702386	0.008941333518903472	0.19387755102040816	3.6610382192266973	3.6600213551054677	0.0010168641212295881	0.20586467682413698
original	48	49	80.598	80.514	-0.08400000000000318	8	2	4	8	0.001397936752243646	0.0029927448574811333	0.09183673469387756	3.532667333993461	3.532807598896261	0.000140264902800169	0.09624144279388235
original	48	49	80.598	80.514	-0.08400000000000318	8	2	4	9	0.0015567623041196398	0.00445242947220803	0.3520408163265306	3.6273803506306197	3.6255176001057525	0.0018627505248671739	0.358236283155345
original	48	49	80.598	80.514	-0.08400000000000318	8	2	4	10	0.0023937807818661195	0.005703271240615981	0.1377551020408163	3.5466785221396777	3.550206401980213	0.003527879840535153	0.14620494204735193
original	48	49	80.598	80.514	-0.08400000000000318	8	2	4	11	0.0038138466146044507	0.009091843795090093	0.1683673469387755	3.575007531520466	3.5717870965746124	0.0032204349458537784	0.18159508084305542
original	48	49	80.598	80.514	-0.08400000000000318	9	2	5	0	0.004625559573550684	0.008898763257046194	0.19387755102040816	3.214241879707854	3.2096173183195478	0.0046245613883062475	0.20786432998983564
original	48	49	80.598	80.514	-0.08400000000000318	9	2	5	1	0.0037805584907141853	0.0066616227994305	0.14795918367346939	3.202079288351116	3.1942594314381507	0.007819856912965495	0.15918335065491063
original	48	49	80.598	80.514	-0.08400000000000318	9	2	5	2	0.004016276521294137	0.0024993476781938195	0.11734693877551021	2.8702151965679024	2.88378719289553	0.013571996327627733	0.12521976260776094
original	48	49	80.598	80.514	-0.08400000000000318	9	2	5	3	0.00433579229986536	0.009560206377745795	0.22448979591836735	3.398754045685104	3.391063797955188	0.007690247729915889	0.2391548193689701
original	48	49	80.598	80.514	-0.08400000000000318	9	2	5	4	0.0024546136919696027	0.0033224294755501704	0.07142857142857142	3.038654359912903	3.0399942500152553	0.00133989010235247	0.07733960360632644
original	48	49	80.598	80.514	-0.08400000000000318	9	2	5	5	0.001459542855359363	0.003590059177253302	0.1326530612244898	3.50142633814754	3.499238306687485	0.0021880314600553064	0.137921466403108
original	48	49	80.598	80.514	-0.08400000000000318	9	2	5	6	0.003817772137749108	0.009841121356329086	0.16326530612244897	3.629573081206824	3.6380367990532005	0.00846371784637645	0.1777705714011648
original	48	49	80.598	80.514	-0.08400000000000318	9	2	5	7	0.004791365538406971	0.010942504543820952	0.17857142857142858	3.414387018722478	3.414645942534604	0.0002589238121259996	0.1943311910348691
original	48	49	80.598	80.514	-0.08400000000000318	9	2	5	8	0.0029939721393674595	0.004006867300213157	0.02040816326530612	3.0335385114658684	3.0327844793578818	0.0007540321079866352	0.027484405915685402
original	48	49	80.598	80.514	-0.08400000000000318	9	2	5	9	0.004152565647265163	0.008513677312969037	0.1683673469387755	3.26680460360245	3.25829036110148	0.008514242500969882	0.18188501414910668
original	48	49	80.598	80.514	-0.08400000000000318	9	2	5	10	0.004059637138539398	0.008288428866195185	0.16326530612244897	3.3013209327018864	3.3009540969236153	0.000366835778271124	0.17565005570501066
original	48	49	80.598	80.514	-0.08400000000000318	9	2	5	11	0.0027271256130284886	0.005326963636352766	0.17857142857142858	3.2952966357926456	3.290531323017292	0.004765312775353525	0.18710204909834519
original	48	49	80.598	80.514	-0.08400000000000318	10	3	0	0	0.01567822340956463	0.020742984908896367	0.17857142857142858	3.200943142941814	3.2229611152835176	0.02201797234170355	0.21719443412405992
original	48	49	80.598	80.514	-0.08400000000000318	10	3	0	1	0.015478914853196149	0.018565765390339495	0.15306122448979592	3.2096069670268506	3.2029504167125644	0.006656550314286136	0.18777155976476018
original	48	49	80.598	80.514	-0.08400000000000318	10	3	0	2	0.024464214338235736	0.026027326533858863	0.0663265306122449	3.212608333549251	3.2441798572309857	0.03157152368173488	0.119975223852513
original	48	49	80.598	80.514	-0.08400000000000318	10	3	0	3	0.018175492442906085	0.025512286383932326	0.14285714285714285	3.372355440450536	3.391992878967339	0.01963743851680322	0.1885086655356616
original	48	49	80.598	80.514	-0.08400000000000318	10	3	0	4	0.0164409968582937	0.02212291768024055	0.14285714285714285	3.324732115991821	3.3737221215563524	0.04899000556453137	0.18632005795213025
original	48	49	80.598	80.514	-0.08400000000000318	10	3	0	5	0.02354980604776332	0.0175928782254261	0.07142857142857142	2.7864888673774337	2.8418520987539897	0.055363231376555966	0.11810757883941644
original	48	49	80.598	80.514	-0.08400000000000318	10	3	0	6	0.019640458548574165	0.025233309796039105	0.07653061224489796	3.3249792367037965	3.357983437142276	0.033004200438479625	0.12470480063335919
original	48	49	80.598	80.514	-0.08400000000000318	10	3	0	7	0.00557176136583378	0.014544824877583462	0.1326530612244898	3.5734100612630852	3.5799462317295023	0.0065361704664170794	0.15342326451454877
original	48	49	80.598	80.514	-0.08400000000000318	10	3	0	8	0.015517785118568585	0.016259346586771972	0.15816326530612246	3.020739163843083	3.0322963642865317	0.011557200443448767	0.1910961170558079
original	48	49	80.598	80.514	-0.08400000000000318	10	3	0	9	0.003931017251070245	0.008925266709578827	0.08673469387755102	3.41011562781329	3.4262522672951667	0.016136639481876713	0.10120464178638776
original	48	49	80.598	80.514	-0.08400000000000318	10	3	0	10	0.020988150553456264	0.024088825024082827	0.09183673469387756	3.2326255649583078	3.2428692070918657	0.010243642133557884	0.1379380744847724
original	48	49	80.598	80.514	-0.08400000000000318	10	3	0	11	0.017244040569255274	0.0175828102792156	0.0663265306122449	3.1286129527214226	3.190281344420394	0.061668391698971536	0.10732022063061293
original	48	49	80.598	80.514	-0.08400000000000318	10	3	0	12	0.013152704161907933	0.019214016552296154	0.14285714285714285	3.1915535526226715	3.227474684453294	0.03592113183062251	0.1788159767544092
original	48	49	80.598	80.514	-0.08400000000000318	10	3	0	13	0.020627811569210064	0.025340622295257575	0.08673469387755102	3.2076178384696	3.287815762711826	0.08019792424222594	0.14072292016624124
original	48	49	80.598	80.514	-0.08400000000000318	10	3	0	14	0.00669577822229522	0.013532460999977736	0.08163265306122448	3.3796865792707056	3.3886810493656756	0.008994470094970008	0.10276033929299444
original	48	49	80.598	80.514	-0.08400000000000318	10	3	0	15	0.012757650768229387	0.013681760161680212	0.0663265306122449	3.0429052326481725	3.0783974661448767	0.03549223349670427	0.09631516489182493
original	48	49	80.598	80.514	-0.08400000000000318	10	3	0	16	0.015359172971398816	0.018234385704838707	0.12244897959183673	3.243363657326535	3.281753572510116	0.038389915183580925	0.15988152978643233
original	48	49	80.598	80.514	-0.08400000000000318	10	3	0	17	0.017251538188737363	0.02206371798959028	0.16326530612244897	3.158838505374236	3.2110042333638837	0.05216572798964769	0.20779713509974138
original	48	49	80.598	80.514	-0.08400000000000318	10	3	0	18	0.010282164087346602	0.022033007262097337	0.08673469387755102	3.5366847119244222	3.565968297964067	0.02928358603964476	0.12197822383095944
original	48	49	80.598	80.514	-0.08400000000000318	10	3	0	19	0.012432606146117665	0.01421911977111201	0.04591836734693878	3.278646695286653	3.3099080265639844	0.03126133127733155	0.07569622639190161
original	48	49	80.598	80.514	-0.08400000000000318	10	3	0	20	0.011707363613789785	0.01627883761621063	0.1326530612244898	2.9132859752664597	2.9489977478520735	0.035711772585613755	0.1642104397130516
original	48	49	80.598	80.514	-0.08400000000000318	10	3	0	21	0.0054056444472286025	0.015377930681781504	0.20918367346938777	3.4924101493727644	3.488298076423665	0.004112072949099321	0.2303784558933078
original	48	49	80.598	80.514	-0.08400000000000318	10	3	0	22	0.018103449005833393	0.018281629759136497	0.10714285714285714	3.1936782891165514	3.2297733505717456	0.036095061455194255	0.14713744205334645
original	48	49	80.598	80.514	-0.08400000000000318	10	3	0	23	0.01676688685921592	0.01975006648566302	0.14795918367346939	3.1812789837524047	3.207973782953144	0.02669479920073936	0.18714561693842224
original	48	49	80.598	80.514	-0.08400000000000318	11	3	1	0	0.0008913245566291361	0.002918320830913146	0.09183673469387756	3.4198127302516945	3.4230521924244743	0.0032394621727798167	0.09597032629869781
original	48	49	80.598	80.514	-0.08400000000000318	11	3	1	1	0.007508962507005976	0.018155633366057078	0.15816326530612246	3.586302058838269	3.602768665724582	0.016466606886313073	0.18547452186781682
original	48	49	80.598	80.514	-0.08400000000000318	11	3	1	2	0.0075468261990768145	0.013516563936403214	0.09183673469387756	3.492663206823689	3.507411742533857	0.014748535710167765	0.11437497840037436
original	48	49	80.598	80.514	-0.08400000000000318	11	3	1	3	0.010130504581633155	0.01844698046701365	0.12755102040816327	3.473877261708129	3.4930969580602915	0.019219696352162696	0.15805047509202633
original	48	49	80.598	80.514	-0.08400000000000318	11	3	1	4	0.00732614116725187	0.01787885020992841	0.05612244897959184	3.5859182798174327	3.6039934815119046	0.018075201694471854	0.0831349605262193
original	48	49	80.598	80.514	-0.08400000000000318	11	3	1	5	0.0027810428291962785	0.007348040500103292	0.22959183673469388	3.487731079095168	3.491813346422632	0.004082267327464084	0.24012914679673986
original	48	49	80.598	80.514	-0.08400000000000318	11	3	1	6	0.009603642373626983	0.012894228056586576	0.11224489795918367	3.3010705461379355	3.3179881923335706	0.016917646195635072	0.13643453300896072
original	48	49	80.598	80.514	-0.08400000000000318	11	3	1	7	0.005669326637171162	0.01578789936908065	0.17346938775510204	3.6161335154659304	3.6342407147048132	0.01810719923888282	0.19673733368524213
original	48	49	80.598	80.514	-0.08400000000000318	11	3	1	8	0.009457641999123186	0.01866116644332383	0.16326530612244897	3.4465889888578753	3.4578062436443378	0.011217254786462405	0.19250584004354224
original	48	49	80.598	80.514	-0.08400000000000318	11	3	1	9	0.006812439432175963	0.011003024783760473	0.0663265306122449	3.343437175677861	3.3713226276373076	0.027885451959446694	0.08693054002412601
original	48	49	80.598	80.514	-0.08400000000000318	11	3	1	10	0.006216658339293569	0.015770916320117623	0.12755102040816327	3.6203122052303733	3.6170818661251247	0.003230339105248614	0.14986162897809932
original	48	49	80.598	80.514	-0.08400000000000318	11	3	1	11	0.008047470313497776	0.014406791119199402	0.15816326530612246	3.4754104523555265	3.4941389951294557	0.018728542773929213	0.18249038101621257
original	48	49	80.598	80.514	-0.08400000000000318	11	3	1	12	0.006222172133286318	0.010243828954148215	0.11734693877551021	3.3882610395243753	3.400762463134091	0.012501423609715623	0.1350630822239163
original	48	49	80.598	80.514	-0.08400000000000318	11	3	1	13	0.007770386581353157	0.01514101887139574	0.11224489795918367	3.496882960159388	3.5220754616519176	0.02519250149252983	0.13767555356118555
original	48	49	80.598	80.514	-0.08400000000000318	11	3	1	14	0.0050214996752818855	0.011231677463215406	0.1377551020408163	3.5054537470119134	3.5187988247833575	0.013345077771444114	0.155342786956458
original	48	49	80.598	80.514	-0.08400000000000318	11	3	1	15	0.0068524595134510854	0.014029381726656465	0.1377551020408163	3.5864691799302246	3.602883219833062	0.016414039902837185	0.1602783472712076
original	48	49	80.598	80.514	-0.08400000000000318	11	3	1	16	0.005750297810103936	0.012115613035263095	0.14285714285714285	3.585675553639256	3.589893126098271	0.0042175724590149954	0.16114481094841138
original	48	49	80.598	80.514	-0.08400000000000318	11	3	1	17	0.004931033514001279	0.010948034090465297	0.11734693877551021	3.5237010480630397	3.5263096899397053	0.0026086418766655406	0.13348687056764333
original	48	49	80.598	80.514	-0.08400000000000318	11	3	1	18	0.009305407436518368	0.02120025217752719	0.10204081632653061	3.5507594439096946	3.585154683234385	0.03439523932469024	0.1359859998730452
original	48	49	80.598	80.514	-0.08400000000000318	11	3	1	19	0.00938888730347909	0.013209652540744576	0.08163265306122448	3.327484875884763	3.3587482384327587	0.031263362547995666	0.10735752916024771
original	48	49	80.598	80.514	-0.08400000000000318	11	3	1	20	0.008874939183107436	0.017559493453362163	0.10714285714285714	3.4749273913607244	3.4780255264621305	0.0030981351014061076	0.13388710328946735
original	48	49	80.598	80.514	-0.08400000000000318	11	3	1	21	0.008151087828999181	0.013199117529870352	0.11734693877551021	3.3243651155468004	3.367590990221908	0.04322587467510752	0.1430197316018905
original	48	49	80.598	80.514	-0.08400000000000318	11	3	1	22	0.006261332335984188	0.012394405380617424	0.12244897959183673	3.4563878035246485	3.4734245612953925	0.017036757770743982	0.14280839308551274
original	48	49	80.598	80.514	-0.08400000000000318	11	3	1	23	0.0074108641290211875	0.014107101793062404	0.16326530612244897	3.357202287643276	3.3682907689759185	0.011088481332642619	0.1858921201777968
scheme_c	48	49	80.554	80.5	-0.054000000000002046	0	0	0	0	1.610143649242187e-05	5.406286805997862e-05	0.025510204081632654	3.823285833452813	3.8237963567564313	0.0005105233036184487	0.0256314207165469
scheme_c	48	49	80.554	80.5	-0.054000000000002046	0	0	0	1	8.004380250081022e-06	2.3329200858901444e-06	0.0	2.233056651781756	2.233261815919172	0.0002051641374158919	3.085371407756036e-05
scheme_c	48	49	80.554	80.5	-0.054000000000002046	0	0	0	2	2.6771136700022102e-05	9.55854695116054e-05	0.0663265306122449	3.831876506441984	3.832413743721386	0.0005372372794019142	0.06650261094639671
scheme_c	48	49	80.554	80.5	-0.054000000000002046	1	0	1	0	9.713078371464643e-05	0.0003037955383813351	0.03571428571428571	3.7178428972579765	3.717946427194876	0.00010352993689943801	0.03612556503007164
scheme_c	48	49	80.554	80.5	-0.054000000000002046	1	0	1	1	7.314556414720625e-05	3.715328253151018e-05	0.00510204081632653	2.0495089811778198	2.0503995727951665	0.0008905916173467254	0.005301398824739919
scheme_c	48	49	80.554	80.5	-0.054000000000002046	1	0	1	2	6.393011478203925e-05	0.00020504152353506555	0.015306122448979591	3.743746031466444	3.743618398897905	0.00012763256853887128	0.015587857344150585
scheme_c	48	49	80.554	80.5	-0.054000000000002046	2	1	0	0	0.00012732183910955957	0.00039083152305174895	0.12244897959183673	3.789912933669426	3.7896428411028373	0.0002700925665886089	0.1229941422106569
scheme_c	48	49	80.554	80.5	-0.054000000000002046	2	1	0	1	0.00023599319994257502	0.0007438603499362317	0.11734693877551021	3.777081967305882	3.7762010584518535	0.0008809088540284726	0.11841488321079187
scheme_c	48	49	80.554	80.5	-0.054000000000002046	2	1	0	2	0.0006771512209262677	8.746194345710112e-05	0.01020408163265306	1.766001298125593	1.7731648014004893	0.007163503274896232	0.011685045124526052
scheme_c	48	49	80.554	80.5	-0.054000000000002046	2	1	0	3	0.0006985298264329186	7.224579962117339e-05	0.07653061224489796	1.4054182979796184	1.4205552424688808	0.015136944489262394	0.0788150823198783
scheme_c	48	49	80.554	80.5	-0.054000000000002046	2	1	0	4	0.0009173604442494082	3.8724495076691845e-05	0.11224489795918367	0.8414893959221261	0.847161851314252	0.005672455392125908	0.11376822843772236
scheme_c	48	49	80.554	80.5	-0.054000000000002046	2	1	0	5	0.0008700787247845513	3.960132657443438e-05	0.1377551020408163	0.9841493490266638	0.9894470605969793	0.005297711570315444	0.13919455324920685
scheme_c	48	49	80.554	80.5	-0.054000000000002046	3	1	1	0	0.00011460140576258066	0.00018871602664705112	0.03571428571428571	3.0923381911738086	3.09132177176826	0.0010164194055484188	0.03611924508725019
scheme_c	48	49	80.554	80.5	-0.054000000000002046	3	1	1	1	0.0004760833343079517	0.00023112884241571763	0.0	1.9326365273429307	1.9275162115821258	0.00512031576080485	0.0012192437528041544
scheme_c	48	49	80.554	80.5	-0.054000000000002046	3	1	1	2	0.0006752902263512263	0.0008458734284471081	0.025510204081632654	3.0484486448197328	3.0401650949828083	0.008283549836924475	0.027859722720123433
scheme_c	48	49	80.554	80.5	-0.054000000000002046	3	1	1	3	0.0010220683806646397	0.0022046462928245747	0.10714285714285714	3.3952859948497918	3.3963410597820887	0.0010550649322969008	0.11047507830957604
scheme_c	48	49	80.554	80.5	-0.054000000000002046	3	1	1	4	0.000597313450813164	0.0003779634765173068	0.02040816326530612	2.724590708651416	2.7326238958701574	0.008033187218741578	0.02218675891451075
scheme_c	48	49	80.554	80.5	-0.054000000000002046	3	1	1	5	0.0003812646052378424	0.0006455608947854019	0.03571428571428571	3.2809710158264025	3.2820538361897755	0.0010828203633730382	0.03684939325064626
scheme_c	48	49	80.554	80.5	-0.054000000000002046	4	2	0	0	0.0006515686324573462	0.0005818429133043201	0.0	2.6140871445219482	2.609586638757264	0.004500505764684082	0.0016834621222300745
scheme_c	48	49	80.554	80.5	-0.054000000000002046	4	2	0	1	0.0005858823958648221	0.000875932772442245	0.05612244897959184	3.4163148166153836	3.4177357019297627	0.0014208853143791167	0.05772635267933682
scheme_c	48	49	80.554	80.5	-0.054000000000002046	4	2	0	2	0.001444747463734526	0.0035961061139528905	0.10714285714285714	3.6067732981503733	3.6024462669271755	0.004327031223197775	0.11261641384286433
scheme_c	48	49	80.554	80.5	-0.054000000000002046	4	2	0	3	0.001973472707563236	0.0055260227004867435	0.16326530612244897	3.6628359742150374	3.6632037597338565	0.00036778551881910815	0.17080158008238086
scheme_c	48	49	80.554	80.5	-0.054000000000002046	4	2	0	4	0.0008970469340601451	0.0027251005433889253	0.1377551020408163	3.769129395402299	3.768905591777754	0.00022380362454477165	0.14139962988071986
scheme_c	48	49	80.554	80.5	-0.054000000000002046	4	2	0	5	0.0008093244006818615	0.0002403414510737667	0.025510204081632654	2.1139482039248523	2.112763770825153	0.001184433099699067	0.02667831324335819
scheme_c	48	49	80.554	80.5	-0.054000000000002046	4	2	0	6	0.0010109074488208816	0.0002791365496432885	0.030612244897959183	2.266450256151	2.258652750007244	0.00779750614375585	0.03268203951079894
scheme_c	48	49	80.554	80.5	-0.054000000000002046	4	2	0	7	0.0008272156016459586	0.0029481731239572317	0.2602040816326531	3.818057964923262	3.816890579148853	0.0011673857744090022	0.26409620893569713
scheme_c	48	49	80.554	80.5	-0.054000000000002046	4	2	0	8	0.0010781761499771493	0.0038282103518806343	0.3010204081632653	3.833110566586924	3.8315128701511885	0.001597696435735596	0.30608656430869663
scheme_c	48	49	80.554	80.5	-0.054000000000002046	4	2	0	9	0.0003940009662897621	0.0008414969323937704	0.08163265306122448	3.371169312454227	3.373634027696336	0.0024647152421088947	0.08311462248411891
scheme_c	48	49	80.554	80.5	-0.054000000000002046	4	2	0	10	0.0008607333278748267	0.00023456103182573074	0.03571428571428571	2.091810399384056	2.0931735186174185	0.0013631192333622977	0.0369458919973225
scheme_c	48	49	80.554	80.5	-0.054000000000002046	4	2	0	11	0.0006655912432115337	0.00018296981706622528	0.02040816326530612	1.9353436138781943	1.9358294857796257	0.00048587190143134507	0.021305311515727014
scheme_c	48	49	80.554	80.5	-0.054000000000002046	5	2	1	0	0.0024257115761236892	0.00413657068264961	0.08163265306122448	3.178672124883446	3.1780415464090637	0.000630578474382304	0.08825799316743602
scheme_c	48	49	80.554	80.5	-0.054000000000002046	5	2	1	1	0.0014441873042028465	0.0036839140167015394	0.1377551020408163	3.5414710418331024	3.5423703666386452	0.0008993248055428893	0.14297313584227497
scheme_c	48	49	80.554	80.5	-0.054000000000002046	5	2	1	2	0.0009530927423140221	0.0019493640137862034	0.09183673469387756	3.3775667903648823	3.3778477336831236	0.00028094331824135566	0.09476728578180191
scheme_c	48	49	80.554	80.5	-0.054000000000002046	5	2	1	3	0.0013703592648540378	0.0009538430962867661	0.030612244897959183	2.508451058628742	2.5064069402782274	0.0020441183505144345	0.03314085909415143
scheme_c	48	49	80.554	80.5	-0.054000000000002046	5	2	1	4	0.0014359963442385141	0.000893534143580843	0.02040816326530612	2.508810929558739	2.506627132158598	0.0021837974001410743	0.022956073493139585
scheme_c	48	49	80.554	80.5	-0.054000000000002046	5	2	1	5	0.0009120569208573153	0.00030039784423918636	0.04081632653061224	2.1444251646809325	2.1444657392739366	4.057459300410571e-05	0.042032838755009155
scheme_c	48	49	80.554	80.5	-0.054000000000002046	5	2	1	6	0.0016500799396101519	0.002572860091824558	0.11224489795918367	3.1722929379899347	3.1636391069901837	0.008653830999751033	0.11733322109059349
scheme_c	48	49	80.554	80.5	-0.054000000000002046	5	2	1	7	0.00044029406272474086	0.00022665657780018833	0.015306122448979591	2.103769711565902	2.1054193849727767	0.0016496734068747188	0.016138040430191992
scheme_c	48	49	80.554	80.5	-0.054000000000002046	5	2	1	8	0.0006885751981966587	0.00022882826707693038	0.02040816326530612	2.1606676330811054	2.1604349214633487	0.00023271161775673121	0.021348837892355383
scheme_c	48	49	80.554	80.5	-0.054000000000002046	5	2	1	9	0.002786105404650592	0.00670763169990507	0.15816326530612246	3.5095266937581457	3.5108559459999884	0.00132925224184266	0.1677899276348624
scheme_c	48	49	80.554	80.5	-0.054000000000002046	5	2	1	10	0.003270778038413501	0.004520499865900307	0.08673469387755102	3.0443965446209154	3.0506003947133857	0.0062038500924703754	0.09514635679111186
scheme_c	48	49	80.554	80.5	-0.054000000000002046	5	2	1	11	0.002849988053415166	0.003653946716646206	0.04591836734693878	2.9479430910520077	2.951606981278269	0.003663890226261124	0.05278869113962626
scheme_c	48	49	80.554	80.5	-0.054000000000002046	6	2	2	0	0.0018117267725300443	0.005565877605959946	0.1683673469387755	3.7385302944883434	3.739002313114351	0.0004720186260076531	0.17579215317986627
scheme_c	48	49	80.554	80.5	-0.054000000000002046	6	2	2	1	0.0016649323215501815	0.0047415738658117546	0.1683673469387755	3.683202387798948	3.689980822358725	0.00677843455977678	0.17545169658211512
scheme_c	48	49	80.554	80.5	-0.054000000000002046	6	2	2	2	0.002757019072236192	0.008261405002663813	0.2193877551020408	3.692557894180032	3.6925064741301834	5.142004984870496e-05	0.23041132118192567
scheme_c	48	49	80.554	80.5	-0.054000000000002046	6	2	2	3	0.0008104373614323492	0.0018931379770784629	0.12244897959183673	3.5944010408029605	3.5930407399219995	0.0013603008809610628	0.12528858501844364
scheme_c	48	49	80.554	80.5	-0.054000000000002046	6	2	2	4	0.0029854922420614782	0.00738736285566044	0.18877551020408162	3.5914051218554928	3.59067163198219	0.000733489873302684	0.19922171428913382
scheme_c	48	49	80.554	80.5	-0.054000000000002046	6	2	2	5	0.00040941788304357704	0.0006469049526983683	0.02040816326530612	2.6109315700259152	2.610664517560669	0.0002670524652463868	0.021491191347572706
scheme_c	48	49	80.554	80.5	-0.054000000000002046	6	2	2	6	0.0010202483791438236	0.003520908398466527	0.2653061224489796	3.8149457174076717	3.815373914800652	0.00042819739298005643	0.26989009896588795
scheme_c	48	49	80.554	80.5	-0.054000000000002046	6	2	2	7	0.0016275377911831553	0.0017187248623715679	0.030612244897959183	3.0069159515448387	3.005615857899796	0.0013000936450429101	0.03408851691601819
scheme_c	48	49	80.554	80.5	-0.054000000000002046	6	2	2	8	0.002334905967511601	0.0045265963465283	0.09183673469387756	3.4172707376754317	3.4198850175951665	0.002614279919734841	0.09895966499989094
scheme_c	48	49	80.554	80.5	-0.054000000000002046	6	2	2	9	0.0016458708629523925	0.0013584835355779923	0.015306122448979591	2.6455404068153414	2.6396175576189305	0.005922849196410951	0.018902761767151072
scheme_c	48	49	80.554	80.5	-0.054000000000002046	6	2	2	10	0.001909563335485141	0.001958745285257857	0.05612244897959184	2.821883248338396	2.8126920409774505	0.009191207360945697	0.060909878336429406
scheme_c	48	49	80.554	80.5	-0.054000000000002046	6	2	2	11	0.0015478861336352657	0.00500641830820292	0.20918367346938777	3.7324006531030665	3.735758039105898	0.0033573860028317526	0.21607371651150914
scheme_c	48	49	80.554	80.5	-0.054000000000002046	7	2	3	0	0.002391010120620272	0.0018570693623152223	0.04081632653061224	2.6952977989347686	2.690254372528922	0.005043426405846763	0.04556874865413241
scheme_c	48	49	80.554	80.5	-0.054000000000002046	7	2	3	1	0.0036604164858907414	0.0011671422220087546	0.03571428571428571	2.433845744630724	2.4250578932644915	0.008787851366232502	0.04142062955880846
scheme_c	48	49	80.554	80.5	-0.054000000000002046	7	2	3	2	0.002364792203894739	0.001868983005798297	0.03571428571428571	2.651272294856779	2.6509969454452813	0.0002753494114977606	0.03997559586512853
scheme_c	48	49	80.554	80.5	-0.054000000000002046	7	2	3	3	0.0009612725853836129	0.002478239905951529	0.04081632653061224	3.6044662089760076	3.6041716059166524	0.0002946030593551363	0.0442852993278829
scheme_c	48	49	80.554	80.5	-0.054000000000002046	7	2	3	4	0.002462404529734014	0.006614132920693572	0.1377551020408163	3.5735332452628636	3.5744165239249432	0.0008832786620796007	0.14691996735745186
scheme_c	48	49	80.554	80.5	-0.054000000000002046	7	2	3	5	0.0016774477830805968	0.0011329165830893384	0.01020408163265306	2.2046270411704336	2.2074591035627003	0.002832062392266632	0.01329765223804966
scheme_c	48	49	80.554	80.5	-0.054000000000002046	7	2	3	6	0.003385824477800668	0.00789770858703176	0.15816326530612246	3.4555249469320337	3.4553395377410943	0.00018540919093945618	0.16946533929004884
scheme_c	48	49	80.554	80.5	-0.054000000000002046	7	2	3	7	0.002300451298443378	0.004774803410411033	0.09183673469387756	3.360633832338673	3.363717086909412	0.0030832545707388803	0.09922031485980586
scheme_c	48	49	80.554	80.5	-0.054000000000002046	7	2	3	8	0.0018298284490728639	0.0027755989797153546	0.05102040816326531	3.101002218563063	3.1004797347309365	0.0005224838321264968	0.05567808397526618
scheme_c	48	49	80.554	80.5	-0.054000000000002046	7	2	3	9	0.0034349268058667115	0.0070643067400327775	0.12755102040816327	3.385989286528167	3.387742937467161	0.0017536509389941557	0.13822561904796218
scheme_c	48	49	80.554	80.5	-0.054000000000002046	7	2	3	10	0.0012690967040829178	0.0011428447862005253	0.030612244897959183	2.0557050574304325	2.048047760493481	0.0076572969369514965	0.03378991608193778
scheme_c	48	49	80.554	80.5	-0.054000000000002046	7	2	3	11	0.004077154555091913	0.010925790828128945	0.17857142857142858	3.624853367787803	3.622179930777842	0.0026734370099612548	0.19384171765564556
scheme_c	48	49	80.554	80.5	-0.054000000000002046	8	2	4	0	0.00422021068350833	0.010179213271060528	0.16326530612244897	3.5664182772241544	3.557815283978289	0.008602993245865331	0.17852502940160436
scheme_c	48	49	80.554	80.5	-0.054000000000002046	8	2	4	1	0.0034601956007952735	0.009047764888758913	0.19387755102040816	3.6158171585808248	3.614178006638748	0.0016391519420766443	0.20654942670417
scheme_c	48	49	80.554	80.5	-0.054000000000002046	8	2	4	2	0.003701357352551834	0.012333979849017629	0.22959183673469388	3.7515583832675516	3.751609074252988	5.069098543630801e-05	0.245632243034807
scheme_c	48	49	80.554	80.5	-0.054000000000002046	8	2	4	3	0.00418080310271939	0.012223171392103271	0.25510204081632654	3.6840042664624697	3.6861638154487255	0.0021595489862558104	0.2717219702097748
scheme_c	48	49	80.554	80.5	-0.054000000000002046	8	2	4	4	0.002057349802631386	0.007206519568918046	0.11734693877551021	3.614337887972623	3.6333953514748347	0.019057463502211824	0.1285165544972808
scheme_c	48	49	80.554	80.5	-0.054000000000002046	8	2	4	5	0.0040939463086887146	0.00706911178301739	0.09183673469387756	3.378031790370553	3.376724061325785	0.0013077290447678358	0.10313056569006045
scheme_c	48	49	80.554	80.5	-0.054000000000002046	8	2	4	6	0.002361151859171552	0.007130042168787765	0.17346938775510204	3.7111257909557236	3.717568729990518	0.006442939034794204	0.18360487568654077
scheme_c	48	49	80.554	80.5	-0.054000000000002046	8	2	4	7	0.002968492362038176	0.008676636547563565	0.22959183673469388	3.663279339138918	3.6567951291614675	0.0064842099774504725	0.24188538664204065
scheme_c	48	49	80.554	80.5	-0.054000000000002046	8	2	4	8	0.0013641488999771303	0.0028766525609629223	0.12244897959183673	3.5370843949809885	3.536867609552213	0.00021678542877534568	0.12671145959565433
scheme_c	48	49	80.554	80.5	-0.054000000000002046	8	2	4	9	0.003169518026327894	0.007750369951013192	0.32653061224489793	3.6163969259309345	3.616925247379187	0.0005283214482525445	0.33750333236706426
scheme_c	48	49	80.554	80.5	-0.054000000000002046	8	2	4	10	0.0025813683091198414	0.00592027429349995	0.15816326530612246	3.558586760657918	3.5510308358203453	0.007555924837572725	0.16742050039249953
scheme_c	48	49	80.554	80.5	-0.054000000000002046	8	2	4	11	0.004147145719213426	0.010198103915531331	0.1683673469387755	3.5819093647815214	3.5770071990036945	0.004902165777826983	0.18320281315130296
scheme_c	48	49	80.554	80.5	-0.054000000000002046	9	2	5	0	0.004112362560630979	0.007277050480223202	0.12755102040816327	3.2047070540820433	3.2080343298206793	0.003327275738636004	0.13927316102288104
scheme_c	48	49	80.554	80.5	-0.054000000000002046	9	2	5	1	0.0038949276268079583	0.006828830465476665	0.12755102040816327	3.199974226417186	3.1926011136716075	0.007373112745578503	0.13901208977500573
scheme_c	48	49	80.554	80.5	-0.054000000000002046	9	2	5	2	0.0041223999115913845	0.0022906992142813776	0.12244897959183673	2.882477056410778	2.8792166027826056	0.0032604536281723995	0.12918812408052674
scheme_c	48	49	80.554	80.5	-0.054000000000002046	9	2	5	3	0.004423552344290214	0.009011287725573913	0.15306122448979592	3.3882301130519377	3.391330813722771	0.003100700670833234	0.16680613462674337
scheme_c	48	49	80.554	80.5	-0.054000000000002046	9	2	5	4	0.0026295519072141423	0.003919056857898062	0.08673469387755102	3.0333425602866515	3.028318026138087	0.00502453414856463	0.0937857560575197
scheme_c	48	49	80.554	80.5	-0.054000000000002046	9	2	5	5	0.0014702576603337907	0.0036465751705921923	0.11224489795918367	3.5011106870326363	3.5021897593703843	0.001079072337748066	0.11746963802388447
scheme_c	48	49	80.554	80.5	-0.054000000000002046	9	2	5	6	0.004155572182282115	0.010855417314891369	0.17346938775510204	3.635450323802023	3.6330105914189645	0.0024397323830585016	0.18872435049058137
scheme_c	48	49	80.554	80.5	-0.054000000000002046	9	2	5	7	0.004757137900737956	0.010912303284495217	0.19387755102040816	3.4179863736958693	3.4161579237741653	0.0018284499217040562	0.20972983719781174
scheme_c	48	49	80.554	80.5	-0.054000000000002046	9	2	5	8	0.0033266366289632955	0.004510415915934152	0.05612244897959184	3.0268849367929804	3.033973593743347	0.007088656950366534	0.06466836721952594
scheme_c	48	49	80.554	80.5	-0.054000000000002046	9	2	5	9	0.0036340131985883933	0.006906162246585246	0.14795918367346939	3.25936596905873	3.2563015455397224	0.0030644235190075975	0.15880580147054377
scheme_c	48	49	80.554	80.5	-0.054000000000002046	9	2	5	10	0.004139522688617359	0.008302369101538365	0.22448979591836735	3.3048508951270112	3.3024371446785077	0.00241375044850356	0.23717306275337344
scheme_c	48	49	80.554	80.5	-0.054000000000002046	9	2	5	11	0.002579120465993838	0.005188086443836948	0.14285714285714285	3.294734441629233	3.288531423982863	0.006203017646369879	0.15124465153161062
scheme_c	48	49	80.554	80.5	-0.054000000000002046	10	3	0	0	0.017672395802199783	0.02802206920583017	0.18877551020408162	3.244120535764241	3.2043474667883536	0.039773068975887504	0.23844728210970031
scheme_c	48	49	80.554	80.5	-0.054000000000002046	10	3	0	1	0.017529795687862153	0.025315613976688023	0.1989795918367347	3.230060028472351	3.199461791957545	0.030598236514805865	0.24488482515276547
scheme_c	48	49	80.554	80.5	-0.054000000000002046	10	3	0	2	0.023602889102344406	0.03177169477608899	0.05102040816326531	3.2694068981466544	3.206618809606728	0.06278808853992635	0.11267380089569133
scheme_c	48	49	80.554	80.5	-0.054000000000002046	10	3	0	3	0.016167069743035948	0.02640549435297912	0.10714285714285714	3.406431626679846	3.382515044261803	0.023916582418042953	0.1521070794806765
scheme_c	48	49	80.554	80.5	-0.054000000000002046	10	3	0	4	0.016715056010288436	0.028469022974996094	0.18877551020408162	3.3685280745629433	3.3290478374240005	0.039480237138942886	0.23790761290326046
scheme_c	48	49	80.554	80.5	-0.054000000000002046	10	3	0	5	0.027958994439971706	0.02903810016805153	0.061224489795918366	2.8895619299830004	2.807251961976796	0.08230996800620449	0.12645258120456204
scheme_c	48	49	80.554	80.5	-0.054000000000002046	10	3	0	6	0.020223011373788444	0.03016385810828326	0.07142857142857142	3.3642071551425645	3.337829473560805	0.02637768158175957	0.12445320906881908
scheme_c	48	49	80.554	80.5	-0.054000000000002046	10	3	0	7	0.006123171931662076	0.018699882467122064	0.1989795918367347	3.594369627995569	3.5835702825336764	0.010799345461892429	0.22488258078170806
scheme_c	48	49	80.554	80.5	-0.054000000000002046	10	3	0	8	0.01716566421987207	0.020680734848556703	0.17857142857142858	3.0487117762089437	3.030946927133901	0.017764849075042832	0.21819431254736163
scheme_c	48	49	80.554	80.5	-0.054000000000002046	10	3	0	9	0.004366231621318063	0.011021050924749143	0.11224489795918367	3.4330172676610236	3.416210631383469	0.01680663627755452	0.12931284413300634
scheme_c	48	49	80.554	80.5	-0.054000000000002046	10	3	0	10	0.019740043672109023	0.025886165738163047	0.12755102040816327	3.2812626707592507	3.235730525338388	0.04553214542086259	0.1777304443605216
scheme_c	48	49	80.554	80.5	-0.054000000000002046	10	3	0	11	0.017478361334060215	0.023504193137712348	0.08673469387755102	3.1603350031772774	3.141424046304909	0.018910956872368434	0.1296083440365604
scheme_c	48	49	80.554	80.5	-0.054000000000002046	10	3	0	12	0.01635712273203381	0.02919373303324191	0.16326530612244897	3.210412419400918	3.192836848650867	0.017575570750050673	0.21057371896272975
scheme_c	48	49	80.554	80.5	-0.054000000000002046	10	3	0	13	0.022964858655974075	0.040819404710146556	0.1836734693877551	3.3701990604788796	3.3230116851939577	0.047187375284921895	0.2521764702823679
scheme_c	48	49	80.554	80.5	-0.054000000000002046	10	3	0	14	0.006531105036501516	0.015446922178529943	0.07142857142857142	3.4063008403140187	3.380221824104924	0.026079016209094696	0.09601450026451236
scheme_c	48	49	80.554	80.5	-0.054000000000002046	10	3	0	15	0.014292039673221684	0.020830004201967456	0.05102040816326531	3.1096743328872734	3.0465532899407566	0.06312104294651677	0.09245455633310612
scheme_c	48	49	80.554	80.5	-0.054000000000002046	10	3	0	16	0.017789463659422453	0.023546380924362786	0.12244897959183673	3.2767810454289	3.2264385275520904	0.050342517876809545	0.16881907596330292
scheme_c	48	49	80.554	80.5	-0.054000000000002046	10	3	0	17	0.019576887075705592	0.027995388963176993	0.18877551020408162	3.2037497287001906	3.171599361008663	0.03215036769152757	0.23956282301211695
scheme_c	48	49	80.554	80.5	-0.054000000000002046	10	3	0	18	0.011874553972697668	0.02860636587614085	0.08673469387755102	3.574682694620227	3.533586126740306	0.04109656787992089	0.13132527051438161
scheme_c	48	49	80.554	80.5	-0.054000000000002046	10	3	0	19	0.013729223105743977	0.02111213637357745	0.04081632653061224	3.3147981011002705	3.265533211922082	0.04926488917818839	0.08058417492775251
scheme_c	48	49	80.554	80.5	-0.054000000000002046	10	3	0	20	0.014277365098026285	0.025450485715411086	0.18877551020408162	2.9349959489999486	2.9231879425633434	0.01180800643660529	0.22968416166117953
scheme_c	48	49	80.554	80.5	-0.054000000000002046	10	3	0	21	0.005689210480204494	0.016981603859478223	0.20918367346938777	3.4980966628902523	3.4902110425972945	0.007885620292957807	0.23264304983836626
scheme_c	48	49	80.554	80.5	-0.054000000000002046	10	3	0	22	0.02029830221658359	0.026571558912361626	0.12755102040816327	3.2473095369688907	3.167944980252025	0.07936455671686549	0.18235733720879505
scheme_c	48	49	80.554	80.5	-0.054000000000002046	10	3	0	23	0.018784188470441457	0.025048578886351813	0.16326530612244897	3.227425414372821	3.161207138131383	0.06621827624143828	0.21371990110338607
scheme_c	48	49	80.554	80.5	-0.054000000000002046	11	3	1	0	0.0008975068295985113	0.002996046788117712	0.07142857142857142	3.4238193140380164	3.422821357232736	0.0009979568052802534	0.07542192072681567
scheme_c	48	49	80.554	80.5	-0.054000000000002046	11	3	1	1	0.006746930748552671	0.01753102200673773	0.14795918367346939	3.609174912443467	3.596487659539446	0.012687252904020951	0.17350586171916188
scheme_c	48	49	80.554	80.5	-0.054000000000002046	11	3	1	2	0.008453906967943167	0.016615185018179934	0.1326530612244898	3.517723380802147	3.494901669628515	0.022821711173631964	0.1600043243279761
scheme_c	48	49	80.554	80.5	-0.054000000000002046	11	3	1	3	0.01225425447569579	0.023234689589801794	0.14285714285714285	3.4773355035701137	3.4490977970612127	0.028237706508901006	0.18116985757353052
scheme_c	48	49	80.554	80.5	-0.054000000000002046	11	3	1	4	0.011553144399156088	0.02440157099329432	0.04081632653061224	3.47914432747793	3.489321115977068	0.010176788499137945	0.07778872077297644
scheme_c	48	49	80.554	80.5	-0.054000000000002046	11	3	1	5	0.0026429189271135875	0.00808606099717124	0.14795918367346939	3.5055437886141223	3.495083545706734	0.010460242907388118	0.15973418788849303
scheme_c	48	49	80.554	80.5	-0.054000000000002046	11	3	1	6	0.0093817000034154	0.014371658310544322	0.09693877551020408	3.343034388725209	3.3171578134123303	0.025876575312878902	0.1232797913554517
scheme_c	48	49	80.554	80.5	-0.054000000000002046	11	3	1	7	0.005037264623191078	0.014265445966626933	0.14795918367346939	3.6278004657134657	3.6179642668301875	0.009836198883278247	0.1682455141516152
scheme_c	48	49	80.554	80.5	-0.054000000000002046	11	3	1	8	0.009859122238769717	0.020028492953374277	0.1836734693877551	3.454766734765983	3.443133359743794	0.011633375022189085	0.21472442208211803
scheme_c	48	49	80.554	80.5	-0.054000000000002046	11	3	1	9	0.006588197587042964	0.013685036597094413	0.07142857142857142	3.399534246271715	3.353686062677533	0.04584818359418197	0.09628662397212699
scheme_c	48	49	80.554	80.5	-0.054000000000002046	11	3	1	10	0.007618252632551663	0.023255086084726595	0.20918367346938777	3.629270734761582	3.6193443963903142	0.009926338371267551	0.24104964602379278
scheme_c	48	49	80.554	80.5	-0.054000000000002046	11	3	1	11	0.007735959685571217	0.01632771243843989	0.1836734693877551	3.4993774620032587	3.4695572912693304	0.029820170733928286	0.21071915858515905
scheme_c	48	49	80.554	80.5	-0.054000000000002046	11	3	1	12	0.006468080659397723	0.012618461490200183	0.17857142857142858	3.4022616889731045	3.3986297602408624	0.0036319287322421623	0.1980211635942507
scheme_c	48	49	80.554	80.5	-0.054000000000002046	11	3	1	13	0.007846195573600834	0.017386077482942963	0.10714285714285714	3.50163153256669	3.5070543518257633	0.005422819259073286	0.13291741212530828
scheme_c	48	49	80.554	80.5	-0.054000000000002046	11	3	1	14	0.005697911155381992	0.014212293505583062	0.12755102040816327	3.521073514953559	3.4939601843759576	0.027113330577601236	0.15017255812688843
scheme_c	48	49	80.554	80.5	-0.054000000000002046	11	3	1	15	0.0066480685536381996	0.014687628290644517	0.11224489795918367	3.601903409843411	3.563905780955645	0.0379976288877657	0.13738035769224297
scheme_c	48	49	80.554	80.5	-0.054000000000002046	11	3	1	16	0.006315823607350635	0.015329901674647983	0.20408163265306123	3.60996862083138	3.600447067851942	0.00952155297943813	0.22667951323300367
scheme_c	48	49	80.554	80.5	-0.054000000000002046	11	3	1	17	0.006248219448411897	0.014503630403434165	0.10204081632653061	3.5264790822736156	3.509522716344872	0.016956365928743722	0.12448830277125104
scheme_c	48	49	80.554	80.5	-0.054000000000002046	11	3	1	18	0.01460144247121204	0.026152252560704636	0.04081632653061224	3.4130418250861005	3.4444002938039717	0.03135846871787118	0.08470586843431603
scheme_c	48	49	80.554	80.5	-0.054000000000002046	11	3	1	19	0.009376402911916142	0.015074757924394278	0.09183673469387756	3.3602781400570523	3.3452617427920055	0.015016397265046777	0.11778953525669265
scheme_c	48	49	80.554	80.5	-0.054000000000002046	11	3	1	20	0.010035389865714592	0.022324194365495487	0.11734693877551021	3.492767948551144	3.4697452339957677	0.0230227145553763	0.1520087944622579
scheme_c	48	49	80.554	80.5	-0.054000000000002046	11	3	1	21	0.007801336139493823	0.014205019468832791	0.07142857142857142	3.3813980031309105	3.3417888807304332	0.039609122400477315	0.09739583927694577
scheme_c	48	49	80.554	80.5	-0.054000000000002046	11	3	1	22	0.006408895989702805	0.015310846598080574	0.1377551020408163	3.491702152889432	3.4753664307979775	0.016335722091454397	0.16110841683774513
scheme_c	48	49	80.554	80.5	-0.054000000000002046	11	3	1	23	0.007378856258323923	0.01629048247254883	0.17857142857142858	3.3745272308220797	3.35566308479784	0.01886414602423958	0.20412718190472529
