pair	class	total	ref_correct	cmp_correct	delta_correct	ref_acc	cmp_acc	avg_true_prob_delta	avg_margin_delta
phase2fw_vs_fx100wm	638	50	17	14	-3	34.0	28.0	-7.019824988674372e-05	0.008040810003876686
phase2fw_vs_fx100wm	923	50	27	25	-2	54.0	50.0	-0.002532371785491705	-0.011599673889577389
phase2fw_vs_fx100wm	680	50	44	42	-2	88.0	84.0	-0.0009780224645510316	0.00027159691671840847
phase2fw_vs_fx100wm	515	50	36	34	-2	72.0	68.0	-0.0005205754423514009	-0.004605245776474476
phase2fw_vs_fx100wm	588	50	39	37	-2	78.0	74.0	0.002280999906361103	-0.007471485063433647
phase2fw_vs_fx100wm	549	50	30	28	-2	60.0	56.0	0.003367205150425434	0.009389028884470463
phase2fw_vs_fx100wm	186	50	40	38	-2	80.0	76.0	0.005518532823771238	0.020596275106072426
phase2fw_vs_fx100wm	242	50	43	41	-2	86.0	82.0	0.0066842506639659405	0.029069481417536736
phase2fw_vs_fx100wm	526	50	32	30	-2	64.0	60.0	0.0074439141899347305	0.011842336505651474
phase2fw_vs_fx100wm	335	50	49	47	-2	98.0	94.0	0.011295498348772526	0.06832883507013321
phase2fw_vs_fx100wm	236	50	40	39	-1	80.0	78.0	-0.0046755243092775345	-0.04354986175894737
phase2fw_vs_fx100wm	406	50	38	37	-1	76.0	74.0	-0.004583801608532667	-0.014340180903673172
phase2fw_vs_fx100wm	418	50	35	34	-1	70.0	68.0	-0.004125173203647137	-0.013516140170395374
phase2fw_vs_fx100wm	943	50	38	37	-1	76.0	74.0	-0.001985102891921997	9.31739850784652e-06
phase2fw_vs_fx100wm	585	50	25	24	-1	50.0	48.0	-0.0014674353878945112	0.013275852426886559
phase2fw_vs_fx100wm	911	50	23	22	-1	46.0	44.0	-0.0014355428284034133	0.038545168936252594
phase2fw_vs_fx100wm	851	50	39	38	-1	78.0	76.0	-0.0011863241670653224	-0.007908200845122337
phase2fw_vs_fx100wm	166	50	36	35	-1	72.0	70.0	-0.0011511393822729588	0.014070367440581322
phase2fw_vs_fx100wm	782	50	12	11	-1	24.0	22.0	-0.0009270653245039284	0.00913409236818552
phase2fw_vs_fx100wm	650	50	30	29	-1	60.0	58.0	-0.0009066244820132852	0.0158302690833807
phase2fw_vs_fx100wm	905	50	33	32	-1	66.0	64.0	-0.0007797650760039687	-0.0022141742520034313
phase2fw_vs_fx100wm	721	50	44	43	-1	88.0	86.0	-0.0006787916063331068	0.002691602800041437
phase2fw_vs_fx100wm	32	50	26	25	-1	52.0	50.0	1.5759542293380946e-05	0.016862859949469566
phase2fw_vs_fx100wm	348	50	33	32	-1	66.0	64.0	0.0009204960661008954	0.01588498055934906
phase2fw_vs_fx100wm	587	50	31	30	-1	62.0	60.0	0.0010716078104451299	0.007956228218972683
phase2fw_vs_fx100wm	248	50	22	21	-1	44.0	42.0	0.0018525910563766956	0.007362804375588894
phase2fw_vs_fx100wm	272	50	30	29	-1	60.0	58.0	0.0019665074069052935	0.001299896277487278
phase2fw_vs_fx100wm	77	50	35	34	-1	70.0	68.0	0.002063849475234747	-3.547668484316091e-06
phase2fw_vs_fx100wm	180	50	32	31	-1	64.0	62.0	0.0021937948185950518	-0.013754520565271378
phase2fw_vs_fx100wm	519	50	31	30	-1	62.0	60.0	0.002283674431964755	0.013029051013290882
phase2fw_vs_fx100wm	925	50	31	30	-1	62.0	60.0	0.002324730157852173	0.01892566680908203
phase2fw_vs_fx100wm	380	50	34	33	-1	68.0	66.0	0.0026034852489829063	0.03157402202486992
phase2fw_vs_fx100wm	980	50	43	42	-1	86.0	84.0	0.0027258526533842087	0.010612544603645802
phase2fw_vs_fx100wm	454	50	33	32	-1	66.0	64.0	0.002905309898778796	-0.0021021938882768154
phase2fw_vs_fx100wm	527	50	34	33	-1	68.0	66.0	0.002972267335280776	0.011104059405624866
phase2fw_vs_fx100wm	601	50	38	37	-1	76.0	74.0	0.0031334511004388332	-0.0006273126346059144
phase2fw_vs_fx100wm	770	50	40	39	-1	80.0	78.0	0.0032846119720488787	0.029937991872429848
phase2fw_vs_fx100wm	158	50	32	31	-1	64.0	62.0	0.0034365227911621332	0.025865906849503517
phase2fw_vs_fx100wm	427	50	32	31	-1	64.0	62.0	0.0036812140606343746	0.0361163429915905
phase2fw_vs_fx100wm	154	50	42	41	-1	84.0	82.0	0.0036942583974450827	0.02679821103811264
phase2fw_vs_fx100wm	452	50	40	39	-1	80.0	78.0	0.003845389001071453	0.04468207433819771
phase2fw_vs_fx100wm	753	50	41	40	-1	82.0	80.0	0.003871226916089654	0.01679905876517296
phase2fw_vs_fx100wm	264	50	31	30	-1	62.0	60.0	0.004186326637864113	0.02446707710623741
phase2fw_vs_fx100wm	705	50	30	29	-1	60.0	58.0	0.004224507603794336	0.019121790304780006
phase2fw_vs_fx100wm	52	50	43	42	-1	86.0	84.0	0.004230567254126072	0.01944153755903244
phase2fw_vs_fx100wm	122	50	46	45	-1	92.0	90.0	0.004380851984024048	0.02882789634168148
phase2fw_vs_fx100wm	124	50	36	35	-1	72.0	70.0	0.0045446353033185005	0.031939487904310226
phase2fw_vs_fx100wm	849	50	43	42	-1	86.0	84.0	0.0045549217611551285	0.0010576725471764803
phase2fw_vs_fx100wm	386	50	33	32	-1	66.0	64.0	0.004624758847057819	-0.00702121714130044
phase2fw_vs_fx100wm	815	50	37	36	-1	74.0	72.0	0.004728246014565229	0.014096880331635475
phase2fw_vs_fx100wm	556	50	35	34	-1	70.0	68.0	0.004744091536849737	0.03374767303466797
phase2fw_vs_fx100wm	4	50	44	43	-1	88.0	86.0	0.004962666891515255	0.010594921186566353
phase2fw_vs_fx100wm	627	50	41	40	-1	82.0	80.0	0.004974628798663616	-0.0038315486162900925
phase2fw_vs_fx100wm	572	50	36	35	-1	72.0	70.0	0.005230545997619629	0.03850613534450531
phase2fw_vs_fx100wm	749	50	45	44	-1	90.0	88.0	0.005350299645215273	0.03281286358833313
phase2fw_vs_fx100wm	8	50	44	43	-1	88.0	86.0	0.005352329462766647	0.011478138156235218
phase2fw_vs_fx100wm	968	50	28	27	-1	56.0	54.0	0.00555227417498827	0.015368175692856312
phase2fw_vs_fx100wm	467	50	42	41	-1	84.0	82.0	0.005569880828261375	0.02325121872127056
phase2fw_vs_fx100wm	53	50	44	43	-1	88.0	86.0	0.005744301714003086	0.019862908869981766
phase2fw_vs_fx100wm	329	50	41	40	-1	82.0	80.0	0.005840937606990337	0.04929136112332344
phase2fw_vs_fx100wm	184	50	38	37	-1	76.0	74.0	0.006050934083759785	0.041322480887174606
phase2fw_vs_fx100wm	475	50	47	46	-1	94.0	92.0	0.006151190493255854	0.03967095538973808
phase2fw_vs_fx100wm	557	50	42	41	-1	84.0	82.0	0.006175162736326456	0.03246184438467026
phase2fw_vs_fx100wm	655	50	40	39	-1	80.0	78.0	0.006354300770908594	0.015814781188964844
phase2fw_vs_fx100wm	854	50	45	44	-1	90.0	88.0	0.0067489128559827805	0.04333578050136566
phase2fw_vs_fx100wm	640	50	49	48	-1	98.0	96.0	0.006891954690217972	0.02889062836766243
phase2fw_vs_fx100wm	977	50	33	32	-1	66.0	64.0	0.007024599239230156	0.02626320905983448
phase2fw_vs_fx100wm	502	50	36	35	-1	72.0	70.0	0.007110428996384144	0.02698446251451969
phase2fw_vs_fx100wm	463	50	30	29	-1	60.0	58.0	0.007172651123255491	0.04605836793780327
phase2fw_vs_fx100wm	140	50	46	45	-1	92.0	90.0	0.007481241133064032	0.03496401757001877
phase2fw_vs_fx100wm	500	50	45	44	-1	90.0	88.0	0.007608069572597742	0.027029410004615784
phase2fw_vs_fx100wm	907	50	27	26	-1	54.0	52.0	0.008029679767787457	0.0030275441240519285
phase2fw_vs_fx100wm	402	50	34	33	-1	68.0	66.0	0.008173085749149323	0.03140275925397873
phase2fw_vs_fx100wm	458	50	49	48	-1	98.0	96.0	0.008210178464651108	0.07569079101085663
phase2fw_vs_fx100wm	966	50	33	32	-1	66.0	64.0	0.008482648991048336	0.0417870432138443
phase2fw_vs_fx100wm	610	50	42	41	-1	84.0	82.0	0.008733469992876053	0.0368337519466877
phase2fw_vs_fx100wm	929	50	41	40	-1	82.0	80.0	0.008735804818570614	0.042976122349500656
phase2fw_vs_fx100wm	195	50	46	45	-1	92.0	90.0	0.009564665146172047	0.038179911673069
phase2fw_vs_fx100wm	338	50	45	44	-1	90.0	88.0	0.009701740927994251	0.07360842078924179
phase2fw_vs_fx100wm	828	50	34	33	-1	68.0	66.0	0.009807719849050045	0.06468549370765686
phase2fw_vs_fx100wm	375	50	47	46	-1	94.0	92.0	0.009830331429839134	0.07178118079900742
phase2fw_vs_fx100wm	737	50	36	35	-1	72.0	70.0	0.010047447867691517	0.047576867043972015
phase2fw_vs_fx100wm	889	50	36	35	-1	72.0	70.0	0.010112362913787365	0.04739901423454285
phase2fw_vs_fx100wm	67	50	42	41	-1	84.0	82.0	0.010297981090843678	0.03537174314260483
phase2fw_vs_fx100wm	88	50	49	48	-1	98.0	96.0	0.010898875072598457	0.08845411241054535
phase2fw_vs_fx100wm	928	50	37	36	-1	74.0	72.0	0.011289848946034908	0.04883628711104393
phase2fw_vs_fx100wm	829	50	46	45	-1	92.0	90.0	0.011322591453790665	0.09390287101268768
phase2fw_vs_fx100wm	263	50	48	47	-1	96.0	94.0	0.011973191052675247	0.06516961008310318
phase2fw_vs_fx100wm	344	50	50	49	-1	100.0	98.0	0.012799781747162342	0.09044316411018372
phase2fw_vs_fx100wm	603	50	46	45	-1	92.0	90.0	0.0128547428175807	0.04702259972691536
phase2fw_vs_fx100wm	960	50	34	33	-1	68.0	66.0	0.013231582939624786	0.04319412261247635
phase2fw_vs_fx100wm	595	50	43	42	-1	86.0	84.0	0.013599421828985214	0.019495362415909767
phase2fw_vs_fx100wm	310	50	41	40	-1	82.0	80.0	0.013904549181461334	0.08950986713171005
phase2fw_vs_fx100wm	827	50	38	37	-1	76.0	74.0	0.02043946459889412	0.08122559636831284
phase2fw_vs_fx100wm	476	50	49	49	0	98.0	98.0	-0.004558616317808628	-0.06663554161787033
phase2fw_vs_fx100wm	167	50	17	17	0	34.0	34.0	-0.003968983422964811	0.01627478562295437
phase2fw_vs_fx100wm	512	50	49	49	0	98.0	98.0	-0.003536235773935914	-0.10031250864267349
phase2fw_vs_fx100wm	543	50	38	38	0	76.0	76.0	-0.0033597436267882586	-0.018602857366204262
phase2fw_vs_fx100wm	987	50	21	21	0	42.0	42.0	-0.0033202662598341703	0.008124999701976776
phase2fw_vs_fx100wm	939	50	40	40	0	80.0	80.0	-0.003252799157053232	-0.006508092861622572
phase2fw_vs_fx100wm	846	50	28	28	0	56.0	56.0	-0.0032157758250832558	0.007240667473524809
phase2fw_vs_fx100wm	172	50	39	39	0	78.0	78.0	-0.0030839848332107067	0.0006995201110839844
phase2fw_vs_fx100wm	664	50	19	19	0	38.0	38.0	-0.0030168720986694098	0.012977066449820995
phase2fw_vs_fx100wm	246	50	42	42	0	84.0	84.0	-0.0028928180690854788	-0.025389060378074646
phase2fw_vs_fx100wm	821	50	45	45	0	90.0	90.0	-0.002582341665402055	-0.029999999329447746
phase2fw_vs_fx100wm	876	50	20	20	0	40.0	40.0	-0.0025342488661408424	0.004269399680197239
phase2fw_vs_fx100wm	409	50	31	31	0	62.0	62.0	-0.0021422114223241806	-0.004062518943101168
phase2fw_vs_fx100wm	904	50	33	33	0	66.0	66.0	-0.0019833757542073727	-0.0027678299229592085
phase2fw_vs_fx100wm	996	50	45	45	0	90.0	90.0	-0.0017640352016314864	0.0018537044525146484
phase2fw_vs_fx100wm	214	50	44	44	0	88.0	88.0	-0.001712205121293664	-0.02937500923871994
phase2fw_vs_fx100wm	516	50	28	28	0	56.0	56.0	-0.0016245797742158175	0.016720686107873917
phase2fw_vs_fx100wm	949	50	35	35	0	70.0	70.0	-0.001590927829965949	-0.0011761761270463467
phase2fw_vs_fx100wm	501	50	19	19	0	38.0	38.0	-0.0014757273020222783	-0.0034173489548265934
phase2fw_vs_fx100wm	459	50	32	32	0	64.0	64.0	-0.00144733558408916	-0.015398216433823109
phase2fw_vs_fx100wm	754	50	36	36	0	72.0	72.0	-0.0012974131386727095	0.010271596722304821
phase2fw_vs_fx100wm	631	50	33	33	0	66.0	66.0	-0.0012640304630622268	-0.011212015524506569
phase2fw_vs_fx100wm	579	50	38	38	0	76.0	76.0	-0.0011633889516815543	-0.025359325110912323
phase2fw_vs_fx100wm	711	50	39	39	0	78.0	78.0	-0.001156580401584506	0.007862558588385582
phase2fw_vs_fx100wm	794	50	37	37	0	74.0	74.0	-0.0010537732159718871	-0.0002329730923520401
phase2fw_vs_fx100wm	582	50	34	34	0	68.0	68.0	-0.0009539972525089979	0.001954040490090847
phase2fw_vs_fx100wm	817	50	32	32	0	64.0	64.0	-0.0007421621703542769	0.008467950858175755
phase2fw_vs_fx100wm	485	50	31	31	0	62.0	62.0	-0.0007165686693042517	0.007255077362060547
phase2fw_vs_fx100wm	231	50	20	20	0	40.0	40.0	-0.0006947855581529438	0.009999999776482582
phase2fw_vs_fx100wm	414	50	22	22	0	44.0	44.0	-0.0006846469477750361	0.015977248549461365
phase2fw_vs_fx100wm	619	50	32	32	0	64.0	64.0	-0.0006123374914750457	0.010625009424984455
phase2fw_vs_fx100wm	241	50	35	35	0	70.0	70.0	-0.0005335331661626697	-0.0020773219875991344
phase2fw_vs_fx100wm	982	50	41	41	0	82.0	82.0	-0.0005195076810196042	-0.02776108682155609
phase2fw_vs_fx100wm	206	50	48	48	0	96.0	96.0	-0.00041400149348191917	-0.04125000163912773
phase2fw_vs_fx100wm	622	50	31	31	0	62.0	62.0	-0.0003744855639524758	0.023125000298023224
phase2fw_vs_fx100wm	950	50	40	40	0	80.0	80.0	-0.0002392833266640082	0.011679048649966717
phase2fw_vs_fx100wm	266	50	31	31	0	62.0	62.0	-0.00023122623679228127	-0.00999998115003109
phase2fw_vs_fx100wm	985	50	50	50	0	100.0	100.0	-0.00016012699052225798	0.004039707127958536
phase2fw_vs_fx100wm	742	50	26	26	0	52.0	52.0	-7.961264054756612e-05	-0.0007120609516277909
phase2fw_vs_fx100wm	916	50	50	50	0	100.0	100.0	-6.490856321761385e-05	-0.003334627253934741
phase2fw_vs_fx100wm	744	50	16	16	0	32.0	32.0	8.379936480196193e-05	0.014753465540707111
phase2fw_vs_fx100wm	669	50	48	48	0	96.0	96.0	0.00010539226059336215	0.010314064100384712
phase2fw_vs_fx100wm	508	50	42	42	0	84.0	84.0	0.0003319408278912306	-0.0012499808799475431
phase2fw_vs_fx100wm	255	50	50	50	0	100.0	100.0	0.00040430069202557206	0.006067285314202309
phase2fw_vs_fx100wm	482	50	14	14	0	28.0	28.0	0.00044393024290911853	0.004118442535400391
phase2fw_vs_fx100wm	159	50	40	40	0	80.0	80.0	0.0004627283778972924	-0.015996742993593216
phase2fw_vs_fx100wm	538	50	40	40	0	80.0	80.0	0.0004928120761178434	0.014183550141751766
phase2fw_vs_fx100wm	411	50	40	40	0	80.0	80.0	0.0006164044025354087	0.01973670907318592
phase2fw_vs_fx100wm	210	50	46	46	0	92.0	92.0	0.0006209748098626733	-0.008750000037252903
phase2fw_vs_fx100wm	437	50	37	37	0	74.0	74.0	0.0006357478559948504	-0.0018277645576745272
phase2fw_vs_fx100wm	27	50	38	38	0	76.0	76.0	0.0008458572556264699	0.0006250095320865512
phase2fw_vs_fx100wm	347	50	47	47	0	94.0	94.0	0.0009547941153869033	-0.01765204407274723
phase2fw_vs_fx100wm	937	50	46	46	0	92.0	92.0	0.0009557348676025867	0.001249990426003933
phase2fw_vs_fx100wm	954	50	43	43	0	86.0	86.0	0.0009700515656732023	0.012146997265517712
phase2fw_vs_fx100wm	282	50	9	9	0	18.0	18.0	0.000979033880867064	0.014375000260770321
phase2fw_vs_fx100wm	545	50	44	44	0	88.0	88.0	0.0010172210168093443	-0.010312490165233612
phase2fw_vs_fx100wm	238	50	34	34	0	68.0	68.0	0.0010295637184754014	0.011562518775463104
phase2fw_vs_fx100wm	453	50	37	37	0	74.0	74.0	0.0011244271881878376	0.0050340937450528145
phase2fw_vs_fx100wm	903	50	43	43	0	86.0	86.0	0.001218198100104928	0.013848590664565563
phase2fw_vs_fx100wm	61	50	42	42	0	84.0	84.0	0.0012403336586430669	0.002026786794885993
phase2fw_vs_fx100wm	213	50	42	42	0	84.0	84.0	0.0012685853289440274	0.013727550394833088
phase2fw_vs_fx100wm	944	50	45	45	0	90.0	90.0	0.0012959245359525084	-0.0011461448157206178
phase2fw_vs_fx100wm	725	50	26	26	0	52.0	52.0	0.001338354079052806	-0.008699273690581322
phase2fw_vs_fx100wm	681	50	14	14	0	28.0	28.0	0.0014515742659568787	0.00529542937874794
phase2fw_vs_fx100wm	884	50	39	39	0	78.0	78.0	0.00146745634265244	-0.002365770284086466
phase2fw_vs_fx100wm	607	50	49	49	0	98.0	98.0	0.0015244458336383104	0.027309322729706764
phase2fw_vs_fx100wm	938	50	46	46	0	92.0	92.0	0.001535395858809352	0.015422096475958824
phase2fw_vs_fx100wm	984	50	48	48	0	96.0	96.0	0.0015937668504193425	0.005523281171917915
phase2fw_vs_fx100wm	887	50	34	34	0	68.0	68.0	0.0016203639097511768	0.025108594447374344
phase2fw_vs_fx100wm	666	50	42	42	0	84.0	84.0	0.0016559602227061987	-0.006709413602948189
phase2fw_vs_fx100wm	728	50	31	31	0	62.0	62.0	0.0018201465718448162	0.0025823498144745827
phase2fw_vs_fx100wm	46	50	24	24	0	48.0	48.0	0.0019091948634013534	0.012205333448946476
phase2fw_vs_fx100wm	60	50	26	26	0	52.0	52.0	0.001921097282320261	0.005041694734245539
phase2fw_vs_fx100wm	531	50	30	30	0	60.0	60.0	0.0019385289633646607	0.03314996883273125
phase2fw_vs_fx100wm	713	50	46	46	0	92.0	92.0	0.0019461330957710743	0.032042741775512695
phase2fw_vs_fx100wm	806	50	33	33	0	66.0	66.0	0.0019723926670849323	0.0491902157664299
phase2fw_vs_fx100wm	605	50	43	43	0	86.0	86.0	0.0019823145121335983	0.03468896821141243
phase2fw_vs_fx100wm	841	50	20	20	0	40.0	40.0	0.0020300152245908976	0.02597220428287983
phase2fw_vs_fx100wm	866	50	47	47	0	94.0	94.0	0.002031272742897272	-0.017760658636689186
phase2fw_vs_fx100wm	620	50	13	13	0	26.0	26.0	0.002139971824362874	0.012207575142383575
phase2fw_vs_fx100wm	945	50	46	46	0	92.0	92.0	0.002151923254132271	0.017654629424214363
phase2fw_vs_fx100wm	857	50	37	37	0	74.0	74.0	0.0021591270342469215	0.01612449623644352
phase2fw_vs_fx100wm	457	50	41	41	0	82.0	82.0	0.0021747031714767218	0.014846963807940483
phase2fw_vs_fx100wm	951	50	41	41	0	82.0	82.0	0.0022211840841919184	0.028750000521540642
phase2fw_vs_fx100wm	635	50	35	35	0	70.0	70.0	0.0022213237825781107	0.012307977303862572
phase2fw_vs_fx100wm	648	50	32	32	0	64.0	64.0	0.0022216697689145803	0.040586721152067184
phase2fw_vs_fx100wm	470	50	35	35	0	70.0	70.0	0.002238048240542412	-0.0017679977463558316
phase2fw_vs_fx100wm	574	50	47	47	0	94.0	94.0	0.002284264424815774	0.013782663270831108
phase2fw_vs_fx100wm	878	50	41	41	0	82.0	82.0	0.002313576638698578	-0.006874990649521351
phase2fw_vs_fx100wm	73	50	27	27	0	54.0	54.0	0.00232023186981678	0.006686363369226456
phase2fw_vs_fx100wm	584	50	26	26	0	52.0	52.0	0.002343002939596772	0.009093303233385086
phase2fw_vs_fx100wm	598	50	35	35	0	70.0	70.0	0.0023446795530617237	0.03166348487138748
phase2fw_vs_fx100wm	727	50	45	45	0	90.0	90.0	0.002442957367748022	0.03234374150633812
phase2fw_vs_fx100wm	952	50	45	45	0	90.0	90.0	0.002462155884131789	0.024317197501659393
phase2fw_vs_fx100wm	932	50	41	41	0	82.0	82.0	0.0025321280118077993	0.02432604879140854
phase2fw_vs_fx100wm	561	50	46	46	0	92.0	92.0	0.002567411633208394	-0.011568928137421608
phase2fw_vs_fx100wm	45	50	41	41	0	82.0	82.0	0.002575199818238616	0.007357311435043812
phase2fw_vs_fx100wm	443	50	39	39	0	78.0	78.0	0.0025785905309021473	0.0075703333131968975
phase2fw_vs_fx100wm	599	50	40	40	0	80.0	80.0	0.0025937410537153482	0.0033363245893269777
phase2fw_vs_fx100wm	273	50	40	40	0	80.0	80.0	0.002630177652463317	0.0078125
phase2fw_vs_fx100wm	451	50	43	43	0	86.0	86.0	0.002632495714351535	0.009421281516551971
phase2fw_vs_fx100wm	580	50	45	45	0	90.0	90.0	0.0026363092474639416	0.01494678482413292
phase2fw_vs_fx100wm	636	50	31	31	0	62.0	62.0	0.0026495219208300114	-0.012535352259874344
phase2fw_vs_fx100wm	169	50	49	49	0	98.0	98.0	0.0026645201724022627	-0.004062499850988388
phase2fw_vs_fx100wm	745	50	36	36	0	72.0	72.0	0.0026733598206192255	0.05340307205915451
phase2fw_vs_fx100wm	947	50	21	21	0	42.0	42.0	0.002673366107046604	0.02017725072801113
phase2fw_vs_fx100wm	623	50	19	19	0	38.0	38.0	0.0026753470301628113	0.03951979801058769
phase2fw_vs_fx100wm	780	50	40	40	0	80.0	80.0	0.0027002436108887196	0.0006249904399737716
phase2fw_vs_fx100wm	66	50	27	27	0	54.0	54.0	0.0027139100711792707	-0.007143831346184015
phase2fw_vs_fx100wm	245	50	46	46	0	92.0	92.0	0.0027351202443242073	0.010013389401137829
phase2fw_vs_fx100wm	819	50	40	40	0	80.0	80.0	0.0027436797972768545	0.032412756234407425
phase2fw_vs_fx100wm	281	50	37	37	0	74.0	74.0	0.002756960690021515	0.007499980740249157
phase2fw_vs_fx100wm	738	50	42	42	0	84.0	84.0	0.00283719296567142	0.018870610743761063
phase2fw_vs_fx100wm	47	50	41	41	0	82.0	82.0	0.0028448509983718395	0.028947487473487854
phase2fw_vs_fx100wm	318	50	44	44	0	88.0	88.0	0.002888265298679471	0.020223893225193024
phase2fw_vs_fx100wm	942	50	39	39	0	78.0	78.0	0.0030051327776163816	0.03500000014901161
phase2fw_vs_fx100wm	115	50	47	47	0	94.0	94.0	0.0030166306532919407	0.004621095489710569
phase2fw_vs_fx100wm	613	50	47	47	0	94.0	94.0	0.0030252260621637106	0.011615782044827938
phase2fw_vs_fx100wm	461	50	24	24	0	48.0	48.0	0.0030581089667975903	0.004999990575015545
phase2fw_vs_fx100wm	40	50	38	38	0	76.0	76.0	0.0030655055306851864	0.006874999962747097
phase2fw_vs_fx100wm	72	50	48	48	0	96.0	96.0	0.0030765908304601908	-0.010625000111758709
phase2fw_vs_fx100wm	935	50	36	36	0	72.0	72.0	0.00308426795527339	0.02323620766401291
phase2fw_vs_fx100wm	649	50	46	46	0	92.0	92.0	0.003185824491083622	0.0037499999161809683
phase2fw_vs_fx100wm	171	50	46	46	0	92.0	92.0	0.003199459984898567	0.04738834500312805
phase2fw_vs_fx100wm	323	50	48	48	0	96.0	96.0	0.0032325738575309515	0.02901417762041092
phase2fw_vs_fx100wm	43	50	45	45	0	90.0	90.0	0.0032570231705904007	0.041553057730197906
phase2fw_vs_fx100wm	677	50	35	35	0	70.0	70.0	0.003288418985903263	0.027812480926513672
phase2fw_vs_fx100wm	777	50	44	44	0	88.0	88.0	0.0033115625847131014	0.006437254138290882
phase2fw_vs_fx100wm	750	50	33	33	0	66.0	66.0	0.003368822392076254	0.0460507869720459
phase2fw_vs_fx100wm	173	50	38	38	0	76.0	76.0	0.0033709502313286066	0.014993743970990181
phase2fw_vs_fx100wm	798	50	39	39	0	78.0	78.0	0.0033818217925727367	0.03233079984784126
phase2fw_vs_fx100wm	313	50	39	39	0	78.0	78.0	0.003383312840014696	0.025060033425688744
phase2fw_vs_fx100wm	398	50	43	43	0	86.0	86.0	0.003384563373401761	0.03500673174858093
phase2fw_vs_fx100wm	371	50	34	34	0	68.0	68.0	0.0033862523268908262	0.054375000298023224
phase2fw_vs_fx100wm	243	50	42	42	0	84.0	84.0	0.0033961227163672447	0.01662687212228775
phase2fw_vs_fx100wm	165	50	32	32	0	64.0	64.0	0.0034130557905882597	0.03339242935180664
phase2fw_vs_fx100wm	536	50	29	29	0	58.0	58.0	0.0034148397389799356	0.023750895634293556
phase2fw_vs_fx100wm	197	50	42	42	0	84.0	84.0	0.003420280758291483	0.008125009946525097
phase2fw_vs_fx100wm	590	50	28	28	0	56.0	56.0	0.0034393330570310354	0.028501462191343307
phase2fw_vs_fx100wm	708	50	34	34	0	68.0	68.0	0.0034828451462090015	0.014997853897511959
phase2fw_vs_fx100wm	78	50	39	39	0	78.0	78.0	0.003501972882077098	0.032893553376197815
phase2fw_vs_fx100wm	445	50	31	31	0	62.0	62.0	0.00350974197499454	0.0019000816391780972
phase2fw_vs_fx100wm	382	50	42	42	0	84.0	84.0	0.0035119459498673677	0.00975022278726101
phase2fw_vs_fx100wm	299	50	46	46	0	92.0	92.0	0.0035227322950959206	-0.015937499701976776
phase2fw_vs_fx100wm	163	50	30	30	0	60.0	60.0	0.003528264816850424	0.029314270243048668
phase2fw_vs_fx100wm	71	50	47	47	0	94.0	94.0	0.0035550263710319996	0.019375000149011612
phase2fw_vs_fx100wm	146	50	48	48	0	96.0	96.0	0.0035852021537721157	0.017812499776482582
phase2fw_vs_fx100wm	208	50	42	42	0	84.0	84.0	0.0036747741978615522	0.009867601096630096
phase2fw_vs_fx100wm	286	50	47	47	0	94.0	94.0	0.0037155523896217346	0.011043243110179901
phase2fw_vs_fx100wm	90	50	50	50	0	100.0	100.0	0.003728550625964999	0.04465629532933235
phase2fw_vs_fx100wm	513	50	40	40	0	80.0	80.0	0.0037492334377020597	0.011249990202486515
phase2fw_vs_fx100wm	87	50	48	48	0	96.0	96.0	0.0037494199350476265	0.03299587219953537
phase2fw_vs_fx100wm	107	50	48	48	0	96.0	96.0	0.0037503771018236876	0.00485606212168932
phase2fw_vs_fx100wm	992	50	43	43	0	86.0	86.0	0.003756570629775524	0.025624999776482582
phase2fw_vs_fx100wm	490	50	41	41	0	82.0	82.0	0.003780954983085394	0.004441795405000448
phase2fw_vs_fx100wm	511	50	43	43	0	86.0	86.0	0.0037813519593328238	0.007345390506088734
phase2fw_vs_fx100wm	957	50	48	48	0	96.0	96.0	0.0037901930045336485	0.04649486392736435
phase2fw_vs_fx100wm	444	50	43	43	0	86.0	86.0	0.0038052957970649004	-0.0019416046561673284
phase2fw_vs_fx100wm	56	50	46	46	0	92.0	92.0	0.0038184290751814842	0.022340288385748863
phase2fw_vs_fx100wm	304	50	33	33	0	66.0	66.0	0.0038304764311760664	0.008312110789120197
phase2fw_vs_fx100wm	976	50	29	29	0	58.0	58.0	0.0038403761573135853	0.007709293160587549
phase2fw_vs_fx100wm	998	50	26	26	0	52.0	52.0	0.0038459724746644497	0.016875000670552254
phase2fw_vs_fx100wm	762	50	28	28	0	56.0	56.0	0.003852772992104292	0.014700870960950851
phase2fw_vs_fx100wm	178	50	48	48	0	96.0	96.0	0.0038576580118387938	0.029825210571289062
phase2fw_vs_fx100wm	548	50	46	46	0	92.0	92.0	0.003870252752676606	0.02204177901148796
phase2fw_vs_fx100wm	385	50	31	31	0	62.0	62.0	0.0038735968992114067	0.015625
phase2fw_vs_fx100wm	280	50	37	37	0	74.0	74.0	0.0038794386200606823	-0.0015624904772266746
phase2fw_vs_fx100wm	736	50	45	45	0	90.0	90.0	0.003925213124603033	0.033459920436143875
phase2fw_vs_fx100wm	324	50	48	48	0	96.0	96.0	0.003942692186683416	0.043437499552965164
phase2fw_vs_fx100wm	688	50	47	47	0	94.0	94.0	0.003953398671001196	0.051561783999204636
phase2fw_vs_fx100wm	113	50	44	44	0	88.0	88.0	0.00396790262311697	0.012918119318783283
phase2fw_vs_fx100wm	773	50	33	33	0	66.0	66.0	0.003976295702159405	0.020185690373182297
phase2fw_vs_fx100wm	564	50	43	43	0	86.0	86.0	0.004014408681541681	0.026750775054097176
phase2fw_vs_fx100wm	993	50	50	50	0	100.0	100.0	0.004057080950587988	0.053437501192092896
phase2fw_vs_fx100wm	940	50	46	46	0	92.0	92.0	0.004058906342834234	0.023125000298023224
phase2fw_vs_fx100wm	368	50	39	39	0	78.0	78.0	0.004061376675963402	0.00454353354871273
phase2fw_vs_fx100wm	233	50	41	41	0	82.0	82.0	0.0040819887071847916	0.01522823330014944
phase2fw_vs_fx100wm	594	50	49	49	0	98.0	98.0	0.004119241144508123	0.020265454426407814
phase2fw_vs_fx100wm	566	50	41	41	0	82.0	82.0	0.004125548060983419	0.020933885127305984
phase2fw_vs_fx100wm	874	50	49	49	0	98.0	98.0	0.0041381181217730045	-0.011761665344238281
phase2fw_vs_fx100wm	959	50	44	44	0	88.0	88.0	0.004161333665251732	0.06325378268957138
phase2fw_vs_fx100wm	185	50	35	35	0	70.0	70.0	0.004181120544672012	0.023960409685969353
phase2fw_vs_fx100wm	900	50	48	48	0	96.0	96.0	0.0041854605078697205	0.05591289699077606
phase2fw_vs_fx100wm	755	50	45	45	0	90.0	90.0	0.0042050802148878574	0.005096654873341322
phase2fw_vs_fx100wm	261	50	44	44	0	88.0	88.0	0.004206939600408077	0.018279753625392914
phase2fw_vs_fx100wm	685	50	49	49	0	98.0	98.0	0.004232989624142647	0.030415715649724007
phase2fw_vs_fx100wm	793	50	40	40	0	80.0	80.0	0.004234950989484787	0.02031249925494194
phase2fw_vs_fx100wm	393	50	46	46	0	92.0	92.0	0.004283413756638765	-0.009363489225506783
phase2fw_vs_fx100wm	340	50	48	48	0	96.0	96.0	0.004285146482288837	0.04243862256407738
phase2fw_vs_fx100wm	37	50	44	44	0	88.0	88.0	0.00430346978828311	0.010625000111758709
phase2fw_vs_fx100wm	109	50	48	48	0	96.0	96.0	0.004309408366680145	0.015625009313225746
phase2fw_vs_fx100wm	964	50	38	38	0	76.0	76.0	0.004313058219850063	0.023437481373548508
phase2fw_vs_fx100wm	767	50	34	34	0	68.0	68.0	0.004321560729295015	0.035575199872255325
phase2fw_vs_fx100wm	837	50	20	20	0	40.0	40.0	0.004348531365394592	0.05000787600874901
phase2fw_vs_fx100wm	95	50	48	48	0	96.0	96.0	0.004350354429334402	0.00736515037715435
phase2fw_vs_fx100wm	845	50	34	34	0	68.0	68.0	0.004400687757879496	0.06661427766084671
phase2fw_vs_fx100wm	779	50	48	48	0	96.0	96.0	0.004411844536662102	0.010742397047579288
phase2fw_vs_fx100wm	327	50	44	44	0	88.0	88.0	0.004424628801643848	0.0286741741001606
phase2fw_vs_fx100wm	309	50	43	43	0	86.0	86.0	0.004442697390913963	0.013124999590218067
phase2fw_vs_fx100wm	370	50	44	44	0	88.0	88.0	0.00446082279086113	0.04062725976109505
phase2fw_vs_fx100wm	926	50	43	43	0	86.0	86.0	0.004475399851799011	0.010322188958525658
phase2fw_vs_fx100wm	493	50	16	16	0	32.0	32.0	0.004501901101320982	0.02470393106341362
phase2fw_vs_fx100wm	41	50	47	47	0	94.0	94.0	0.004533843602985144	0.02816871553659439
phase2fw_vs_fx100wm	855	50	38	38	0	76.0	76.0	0.004567158408463001	0.06491970270872116
phase2fw_vs_fx100wm	732	50	42	42	0	84.0	84.0	0.004578546155244112	0.038719311356544495
phase2fw_vs_fx100wm	783	50	49	49	0	98.0	98.0	0.004595621954649687	0.02783157303929329
phase2fw_vs_fx100wm	701	50	47	47	0	94.0	94.0	0.004605270456522703	0.02462589181959629
phase2fw_vs_fx100wm	551	50	45	45	0	90.0	90.0	0.004613665863871574	0.0284087173640728
phase2fw_vs_fx100wm	633	50	28	28	0	56.0	56.0	0.004623363725841045	0.019679727032780647
phase2fw_vs_fx100wm	552	50	46	46	0	92.0	92.0	0.004628373775631189	0.030312471091747284
phase2fw_vs_fx100wm	906	50	17	17	0	34.0	34.0	0.004629712551832199	0.03993523493409157
phase2fw_vs_fx100wm	617	50	43	43	0	86.0	86.0	0.004646741785109043	0.0032381583005189896
phase2fw_vs_fx100wm	39	50	45	45	0	90.0	90.0	0.004674241412431002	0.026250028982758522
phase2fw_vs_fx100wm	135	50	50	50	0	100.0	100.0	0.004684098996222019	0.014406013302505016
phase2fw_vs_fx100wm	110	50	44	44	0	88.0	88.0	0.004693368449807167	0.0534374825656414
phase2fw_vs_fx100wm	562	50	47	47	0	94.0	94.0	0.004781772382557392	0.009536819532513618
phase2fw_vs_fx100wm	663	50	31	31	0	62.0	62.0	0.00478752888739109	0.021262703463435173
phase2fw_vs_fx100wm	339	50	49	49	0	98.0	98.0	0.00480670016258955	0.04535119980573654
phase2fw_vs_fx100wm	253	50	47	47	0	94.0	94.0	0.004847228527069092	0.0304242130368948
phase2fw_vs_fx100wm	91	50	46	46	0	92.0	92.0	0.004848961718380451	0.03196423500776291
phase2fw_vs_fx100wm	652	50	38	38	0	76.0	76.0	0.004851954989135265	0.015106534585356712
phase2fw_vs_fx100wm	164	50	47	47	0	94.0	94.0	0.0048656160943210125	0.024062499403953552
phase2fw_vs_fx100wm	694	50	47	47	0	94.0	94.0	0.0048896390944719315	0.01302521675825119
phase2fw_vs_fx100wm	881	50	40	40	0	80.0	80.0	0.004936696961522102	0.04960476979613304
phase2fw_vs_fx100wm	589	50	40	40	0	80.0	80.0	0.004949063528329134	0.029194317758083344
phase2fw_vs_fx100wm	530	50	34	34	0	68.0	68.0	0.004975093062967062	0.0229351706802845
phase2fw_vs_fx100wm	431	50	40	40	0	80.0	80.0	0.0049888212233781815	0.03597678244113922
phase2fw_vs_fx100wm	917	50	41	41	0	82.0	82.0	0.004991755820810795	0.008072596043348312
phase2fw_vs_fx100wm	288	50	40	40	0	80.0	80.0	0.005002412013709545	0.006562499795109034
phase2fw_vs_fx100wm	311	50	36	36	0	72.0	72.0	0.0050206477753818035	0.00937500037252903
phase2fw_vs_fx100wm	995	50	50	50	0	100.0	100.0	0.005049113184213638	0.04400798678398132
phase2fw_vs_fx100wm	924	50	43	43	0	86.0	86.0	0.005070528946816921	0.03310913220047951
phase2fw_vs_fx100wm	776	50	37	37	0	74.0	74.0	0.005080132279545069	0.02887740172445774
phase2fw_vs_fx100wm	320	50	47	47	0	94.0	94.0	0.005096429493278265	0.020625010132789612
phase2fw_vs_fx100wm	983	50	43	43	0	86.0	86.0	0.005098039284348488	0.02689015306532383
phase2fw_vs_fx100wm	618	50	25	25	0	50.0	50.0	0.005105867516249418	0.054306868463754654
phase2fw_vs_fx100wm	19	50	50	50	0	100.0	100.0	0.005115740466862917	0.029932526871562004
phase2fw_vs_fx100wm	991	50	49	49	0	98.0	98.0	0.0051213777624070644	0.07062500715255737
phase2fw_vs_fx100wm	31	50	45	45	0	90.0	90.0	0.0051300241611897945	0.04417569190263748
phase2fw_vs_fx100wm	988	50	49	49	0	98.0	98.0	0.005131282843649387	0.03778194263577461
phase2fw_vs_fx100wm	496	50	48	48	0	96.0	96.0	0.005155154969543219	0.03780379146337509
phase2fw_vs_fx100wm	986	50	50	50	0	100.0	100.0	0.005166128743439913	0.05513568967580795
phase2fw_vs_fx100wm	9	50	50	50	0	100.0	100.0	0.0051796650514006615	0.03888016566634178
phase2fw_vs_fx100wm	421	50	42	42	0	84.0	84.0	0.0051860688254237175	0.05975275859236717
phase2fw_vs_fx100wm	3	50	39	39	0	78.0	78.0	0.0051889922469854355	0.020590638741850853
phase2fw_vs_fx100wm	190	50	45	45	0	90.0	90.0	0.005218465346843004	0.03218135982751846
phase2fw_vs_fx100wm	492	50	40	40	0	80.0	80.0	0.005235644523054361	0.018173180520534515
phase2fw_vs_fx100wm	973	50	39	39	0	78.0	78.0	0.005240063648670912	0.02109191007912159
phase2fw_vs_fx100wm	99	50	43	43	0	86.0	86.0	0.005253002513200045	0.023924246430397034
phase2fw_vs_fx100wm	706	50	31	31	0	62.0	62.0	0.005259724799543619	0.027103271335363388
phase2fw_vs_fx100wm	138	50	48	48	0	96.0	96.0	0.005280002485960722	0.042343731969594955
phase2fw_vs_fx100wm	290	50	41	41	0	82.0	82.0	0.0052912356331944466	0.015737667679786682
phase2fw_vs_fx100wm	692	50	29	29	0	58.0	58.0	0.005297815892845392	0.026287708431482315
phase2fw_vs_fx100wm	656	50	27	27	0	54.0	54.0	0.005327760707587004	0.006874990649521351
phase2fw_vs_fx100wm	683	50	35	35	0	70.0	70.0	0.005338032264262438	0.035624999552965164
phase2fw_vs_fx100wm	872	50	39	39	0	78.0	78.0	0.005343903787434101	-0.0079507352784276
phase2fw_vs_fx100wm	42	50	43	43	0	86.0	86.0	0.0053786044009029865	0.04087568446993828
phase2fw_vs_fx100wm	877	50	44	44	0	88.0	88.0	0.005383664276450872	0.015614871867001057
phase2fw_vs_fx100wm	121	50	43	43	0	86.0	86.0	0.005427232943475246	0.028315410017967224
phase2fw_vs_fx100wm	632	50	31	31	0	62.0	62.0	0.005455026403069496	0.03038451261818409
phase2fw_vs_fx100wm	763	50	46	46	0	92.0	92.0	0.005469776224344969	0.045151710510253906
phase2fw_vs_fx100wm	49	50	39	39	0	78.0	78.0	0.005474255885928869	0.027770794928073883
phase2fw_vs_fx100wm	974	50	49	49	0	98.0	98.0	0.00547752482816577	0.053702592849731445
phase2fw_vs_fx100wm	979	50	42	42	0	84.0	84.0	0.005480518564581871	0.01675746962428093
phase2fw_vs_fx100wm	865	50	34	34	0	68.0	68.0	0.005485426168888807	0.019917506724596024
phase2fw_vs_fx100wm	123	50	43	43	0	86.0	86.0	0.005485618021339178	0.04049284756183624
phase2fw_vs_fx100wm	719	50	46	46	0	92.0	92.0	0.005491447634994984	0.020346278324723244
phase2fw_vs_fx100wm	142	50	44	44	0	88.0	88.0	0.005504425149410963	0.02656250074505806
phase2fw_vs_fx100wm	205	50	40	40	0	80.0	80.0	0.005516954697668552	0.022087307646870613
phase2fw_vs_fx100wm	946	50	46	46	0	92.0	92.0	0.005524842534214258	0.030625000596046448
phase2fw_vs_fx100wm	687	50	46	46	0	92.0	92.0	0.005526860244572163	0.03579571843147278
phase2fw_vs_fx100wm	193	50	28	28	0	56.0	56.0	0.005544666200876236	0.026660699397325516
phase2fw_vs_fx100wm	934	50	46	46	0	92.0	92.0	0.005567093379795551	0.035034600645303726
phase2fw_vs_fx100wm	941	50	41	41	0	82.0	82.0	0.005576757248491049	0.061250001192092896
phase2fw_vs_fx100wm	902	50	42	42	0	84.0	84.0	0.00560130225494504	0.03755035251379013
phase2fw_vs_fx100wm	176	50	42	42	0	84.0	84.0	0.005620147567242384	0.01744222640991211
phase2fw_vs_fx100wm	356	50	23	23	0	46.0	46.0	0.005644223652780056	0.03329717740416527
phase2fw_vs_fx100wm	417	50	46	46	0	92.0	92.0	0.005644982680678368	0.03649003803730011
phase2fw_vs_fx100wm	130	50	49	49	0	98.0	98.0	0.00566802266985178	0.043320924043655396
phase2fw_vs_fx100wm	226	50	29	29	0	58.0	58.0	0.005679883994162083	0.055177439004182816
phase2fw_vs_fx100wm	796	50	38	38	0	76.0	76.0	0.00568230589851737	0.028967609629034996
phase2fw_vs_fx100wm	285	50	35	35	0	70.0	70.0	0.005686074495315552	0.034285686910152435
phase2fw_vs_fx100wm	36	50	27	27	0	54.0	54.0	0.005688551813364029	0.010159044526517391
phase2fw_vs_fx100wm	204	50	34	34	0	68.0	68.0	0.005725219380110502	0.029668664559721947
phase2fw_vs_fx100wm	644	50	40	40	0	80.0	80.0	0.005732710938900709	0.05846025422215462
phase2fw_vs_fx100wm	307	50	42	42	0	84.0	84.0	0.0057408614084124565	0.02843748964369297
phase2fw_vs_fx100wm	834	50	32	32	0	64.0	64.0	0.00574089540168643	0.029470015317201614
phase2fw_vs_fx100wm	69	50	49	49	0	98.0	98.0	0.005742260720580816	0.015027656219899654
phase2fw_vs_fx100wm	539	50	39	39	0	78.0	78.0	0.005744112655520439	0.028477974236011505
phase2fw_vs_fx100wm	127	50	47	47	0	94.0	94.0	0.005747018847614527	0.025158042088150978
phase2fw_vs_fx100wm	152	50	41	41	0	82.0	82.0	0.005756883416324854	0.02458079345524311
phase2fw_vs_fx100wm	836	50	11	11	0	22.0	22.0	0.005762688349932432	0.013771171681582928
phase2fw_vs_fx100wm	181	50	44	44	0	88.0	88.0	0.005817295517772436	0.04296875
phase2fw_vs_fx100wm	862	50	40	40	0	80.0	80.0	0.005860617384314537	0.05760887265205383
phase2fw_vs_fx100wm	108	50	33	33	0	66.0	66.0	0.005869971122592688	0.027767829596996307
phase2fw_vs_fx100wm	715	50	40	40	0	80.0	80.0	0.005873122718185186	0.024531707167625427
phase2fw_vs_fx100wm	1	50	47	47	0	94.0	94.0	0.005882059223949909	0.008437509648501873
phase2fw_vs_fx100wm	824	50	35	35	0	70.0	70.0	0.0059046256355941296	0.05718643218278885
phase2fw_vs_fx100wm	254	50	49	49	0	98.0	98.0	0.005910841748118401	0.02006426826119423
phase2fw_vs_fx100wm	953	50	48	48	0	96.0	96.0	0.005920920521020889	0.062266599386930466
phase2fw_vs_fx100wm	384	50	48	48	0	96.0	96.0	0.005923375021666288	0.051874998956918716
phase2fw_vs_fx100wm	269	50	38	38	0	76.0	76.0	0.005935686640441418	0.011245965957641602
phase2fw_vs_fx100wm	321	50	50	50	0	100.0	100.0	0.005973624065518379	0.03046875074505806
phase2fw_vs_fx100wm	283	50	46	46	0	92.0	92.0	0.005977258551865816	0.04736246168613434
phase2fw_vs_fx100wm	524	50	29	29	0	58.0	58.0	0.005993442609906197	0.0015985392965376377
phase2fw_vs_fx100wm	591	50	41	41	0	82.0	82.0	0.00604623556137085	0.04906250908970833
phase2fw_vs_fx100wm	948	50	47	47	0	94.0	94.0	0.006050169467926025	0.06296875327825546
phase2fw_vs_fx100wm	200	50	35	35	0	70.0	70.0	0.006074647419154644	0.013978462666273117
phase2fw_vs_fx100wm	722	50	44	44	0	88.0	88.0	0.006079425103962421	0.03387974575161934
phase2fw_vs_fx100wm	438	50	30	30	0	60.0	60.0	0.006086474750190973	0.0423160083591938
phase2fw_vs_fx100wm	366	50	38	38	0	76.0	76.0	0.006097644567489624	0.035559359937906265
phase2fw_vs_fx100wm	331	50	46	46	0	92.0	92.0	0.006124479696154594	0.017500000074505806
phase2fw_vs_fx100wm	936	50	44	44	0	88.0	88.0	0.006125482730567455	0.05817069858312607
phase2fw_vs_fx100wm	616	50	45	45	0	90.0	90.0	0.006133911665529013	0.011529283598065376
phase2fw_vs_fx100wm	44	50	37	37	0	74.0	74.0	0.006153823342174292	0.042775269597768784
phase2fw_vs_fx100wm	300	50	47	47	0	94.0	94.0	0.006180612836033106	0.03968749940395355
phase2fw_vs_fx100wm	202	50	38	38	0	76.0	76.0	0.00620629359036684	0.016875000670552254
phase2fw_vs_fx100wm	933	50	48	48	0	96.0	96.0	0.006208448205143213	0.043136369436979294
phase2fw_vs_fx100wm	462	50	37	37	0	74.0	74.0	0.006218491587787867	0.021518973633646965
phase2fw_vs_fx100wm	392	50	48	48	0	96.0	96.0	0.006227127742022276	0.049624767154455185
phase2fw_vs_fx100wm	800	50	47	47	0	94.0	94.0	0.0062469299882650375	0.06549765914678574
phase2fw_vs_fx100wm	537	50	46	46	0	92.0	92.0	0.0062607694417238235	0.001875009504146874
phase2fw_vs_fx100wm	57	50	46	46	0	92.0	92.0	0.006273670122027397	0.03500000014901161
phase2fw_vs_fx100wm	885	50	15	15	0	30.0	30.0	0.006293501704931259	0.031201057136058807
phase2fw_vs_fx100wm	102	50	50	50	0	100.0	100.0	0.00631139287725091	0.025937508791685104
phase2fw_vs_fx100wm	481	50	30	30	0	60.0	60.0	0.006317722611129284	0.038846779614686966
phase2fw_vs_fx100wm	22	50	50	50	0	100.0	100.0	0.006332314107567072	0.03609374910593033
phase2fw_vs_fx100wm	292	50	49	49	0	98.0	98.0	0.006337674800306559	0.0012499999720603228
phase2fw_vs_fx100wm	278	50	36	36	0	72.0	72.0	0.006343381945043802	0.008124999701976776
phase2fw_vs_fx100wm	94	50	48	48	0	96.0	96.0	0.006344237364828587	0.037343770265579224
phase2fw_vs_fx100wm	308	50	43	43	0	86.0	86.0	0.0063489885069429874	0.04668791592121124
phase2fw_vs_fx100wm	918	50	45	45	0	90.0	90.0	0.006406617350876331	0.029999999329447746
phase2fw_vs_fx100wm	151	50	35	35	0	70.0	70.0	0.006410534493625164	0.02254289574921131
phase2fw_vs_fx100wm	772	50	36	36	0	72.0	72.0	0.006423715967684984	0.028048019856214523
phase2fw_vs_fx100wm	497	50	35	35	0	70.0	70.0	0.006456069182604551	0.021459292620420456
phase2fw_vs_fx100wm	971	50	44	44	0	88.0	88.0	0.006469232961535454	0.05055522918701172
phase2fw_vs_fx100wm	505	50	34	34	0	68.0	68.0	0.00647041155025363	-0.007545433007180691
phase2fw_vs_fx100wm	460	50	35	35	0	70.0	70.0	0.006484979297965765	0.03216547891497612
phase2fw_vs_fx100wm	832	50	46	46	0	92.0	92.0	0.006494743283838034	0.04390624910593033
phase2fw_vs_fx100wm	92	50	49	49	0	98.0	98.0	0.006501492112874985	0.04747755825519562
phase2fw_vs_fx100wm	484	50	35	35	0	70.0	70.0	0.006507557816803455	0.02968749962747097
phase2fw_vs_fx100wm	430	50	50	50	0	100.0	100.0	0.006527431774884462	0.029218750074505806
phase2fw_vs_fx100wm	258	50	50	50	0	100.0	100.0	0.006527742836624384	0.02986091561615467
phase2fw_vs_fx100wm	271	50	31	31	0	62.0	62.0	0.006529571488499641	0.05238358676433563
phase2fw_vs_fx100wm	177	50	46	46	0	92.0	92.0	0.006532049272209406	0.0029052637983113527
phase2fw_vs_fx100wm	405	50	39	39	0	78.0	78.0	0.006536719389259815	0.031147127971053123
phase2fw_vs_fx100wm	287	50	38	38	0	76.0	76.0	0.006537224166095257	0.07268810272216797
phase2fw_vs_fx100wm	274	50	47	47	0	94.0	94.0	0.006557738874107599	0.030439481139183044
phase2fw_vs_fx100wm	581	50	41	41	0	82.0	82.0	0.006561492569744587	0.023667775094509125
phase2fw_vs_fx100wm	353	50	35	35	0	70.0	70.0	0.006569730117917061	0.02505435049533844
phase2fw_vs_fx100wm	425	50	47	47	0	94.0	94.0	0.0065775238908827305	0.061066970229148865
phase2fw_vs_fx100wm	529	50	39	39	0	78.0	78.0	0.006578059401363134	0.07289024442434311
phase2fw_vs_fx100wm	33	50	44	44	0	88.0	88.0	0.006586635019630194	0.022221213206648827
phase2fw_vs_fx100wm	856	50	31	31	0	62.0	62.0	0.006603908725082874	0.009262590669095516
phase2fw_vs_fx100wm	400	50	22	22	0	44.0	44.0	0.006610430311411619	0.021431980654597282
phase2fw_vs_fx100wm	468	50	34	34	0	68.0	68.0	0.006632359232753515	0.04609861224889755
phase2fw_vs_fx100wm	432	50	43	43	0	86.0	86.0	0.006669342517852783	0.03101341240108013
phase2fw_vs_fx100wm	420	50	49	49	0	98.0	98.0	0.006670038215816021	0.07203152030706406
phase2fw_vs_fx100wm	134	50	38	38	0	76.0	76.0	0.006695618852972984	0.041269607841968536
phase2fw_vs_fx100wm	24	50	49	49	0	98.0	98.0	0.006700500380247831	0.05420000106096268
phase2fw_vs_fx100wm	251	50	49	49	0	98.0	98.0	0.006704321596771479	0.06680277734994888
phase2fw_vs_fx100wm	137	50	45	45	0	90.0	90.0	0.0067152343690395355	0.06104140356183052
phase2fw_vs_fx100wm	886	50	47	47	0	94.0	94.0	0.006715782918035984	0.03178834915161133
phase2fw_vs_fx100wm	789	50	42	42	0	84.0	84.0	0.006744935642927885	0.01749999076128006
phase2fw_vs_fx100wm	381	50	23	23	0	46.0	46.0	0.006758661475032568	0.0390625
phase2fw_vs_fx100wm	76	50	49	49	0	98.0	98.0	0.006763411685824394	0.06215657293796539
phase2fw_vs_fx100wm	112	50	42	42	0	84.0	84.0	0.006775118876248598	0.010839318856596947
phase2fw_vs_fx100wm	611	50	47	47	0	94.0	94.0	0.006779103074222803	0.042932718992233276
phase2fw_vs_fx100wm	434	50	31	31	0	62.0	62.0	0.0068089962005615234	0.03549359366297722
phase2fw_vs_fx100wm	62	50	30	30	0	60.0	60.0	0.006826180033385754	0.03899889811873436
phase2fw_vs_fx100wm	12	50	48	48	0	96.0	96.0	0.006829786114394665	0.04265202581882477
phase2fw_vs_fx100wm	717	50	35	35	0	70.0	70.0	0.006838940549641848	0.03454427793622017
phase2fw_vs_fx100wm	326	50	48	48	0	96.0	96.0	0.006865590810775757	0.048124998807907104
phase2fw_vs_fx100wm	975	50	30	30	0	60.0	60.0	0.006866661831736565	0.0100508788600564
phase2fw_vs_fx100wm	302	50	36	36	0	72.0	72.0	0.0068808854557573795	0.038817308843135834
phase2fw_vs_fx100wm	303	50	39	39	0	78.0	78.0	0.006890184711664915	0.025680560618638992
phase2fw_vs_fx100wm	225	50	49	49	0	98.0	98.0	0.006914400029927492	0.014375000260770321
phase2fw_vs_fx100wm	720	50	43	43	0	86.0	86.0	0.006920211482793093	0.04546875134110451
phase2fw_vs_fx100wm	372	50	48	48	0	96.0	96.0	0.006921914406120777	0.05093749985098839
phase2fw_vs_fx100wm	25	50	49	49	0	98.0	98.0	0.006930778734385967	0.03968749940395355
phase2fw_vs_fx100wm	455	50	40	40	0	80.0	80.0	0.006954224314540625	0.022394370287656784
phase2fw_vs_fx100wm	614	50	46	46	0	92.0	92.0	0.006960739381611347	0.05406250059604645
phase2fw_vs_fx100wm	383	50	33	33	0	66.0	66.0	0.006970873102545738	0.028749685734510422
phase2fw_vs_fx100wm	914	50	39	39	0	78.0	78.0	0.00697294482961297	0.03641260042786598
phase2fw_vs_fx100wm	249	50	41	41	0	82.0	82.0	0.006975806783884764	0.004692582879215479
phase2fw_vs_fx100wm	981	50	43	43	0	86.0	86.0	0.006979342550039291	-0.0009936046553775668
phase2fw_vs_fx100wm	16	50	44	44	0	88.0	88.0	0.006998359691351652	0.03196315839886665
phase2fw_vs_fx100wm	104	50	42	42	0	84.0	84.0	0.007002757862210274	0.04930063337087631
phase2fw_vs_fx100wm	14	50	48	48	0	96.0	96.0	0.007004636339843273	0.062224131077528
phase2fw_vs_fx100wm	240	50	20	20	0	40.0	40.0	0.0070177181623876095	0.02750001847743988
phase2fw_vs_fx100wm	143	50	49	49	0	98.0	98.0	0.007039469666779041	0.04545360431075096
phase2fw_vs_fx100wm	404	50	47	47	0	94.0	94.0	0.007068829145282507	0.0005961704300716519
phase2fw_vs_fx100wm	117	50	46	46	0	92.0	92.0	0.007078014779835939	0.06110946834087372
phase2fw_vs_fx100wm	989	50	50	50	0	100.0	100.0	0.007088129408657551	0.04646337404847145
phase2fw_vs_fx100wm	436	50	35	35	0	70.0	70.0	0.007089482620358467	0.020625010132789612
phase2fw_vs_fx100wm	784	50	25	25	0	50.0	50.0	0.007107576355338097	0.04844091460108757
phase2fw_vs_fx100wm	28	50	47	47	0	94.0	94.0	0.007114254869520664	0.036941710859537125
phase2fw_vs_fx100wm	532	50	42	42	0	84.0	84.0	0.0071166628040373325	0.05014505237340927
phase2fw_vs_fx100wm	890	50	48	48	0	96.0	96.0	0.007119655609130859	0.021768484264612198
phase2fw_vs_fx100wm	535	50	49	49	0	98.0	98.0	0.0071355258114635944	0.045781251043081284
phase2fw_vs_fx100wm	289	50	45	45	0	90.0	90.0	0.007149373181164265	0.019999999552965164
phase2fw_vs_fx100wm	227	50	35	35	0	70.0	70.0	0.0071521932259202	0.004687471315264702
phase2fw_vs_fx100wm	888	50	41	41	0	82.0	82.0	0.007155203726142645	0.04500000923871994
phase2fw_vs_fx100wm	139	50	49	49	0	98.0	98.0	0.007176432758569717	0.07797462493181229
phase2fw_vs_fx100wm	597	50	36	36	0	72.0	72.0	0.007182201836258173	0.03219374641776085
phase2fw_vs_fx100wm	259	50	48	48	0	96.0	96.0	0.007190778851509094	0.048125009983778
phase2fw_vs_fx100wm	35	50	35	35	0	70.0	70.0	0.007201262749731541	0.011020412668585777
phase2fw_vs_fx100wm	23	50	48	48	0	96.0	96.0	0.007203908171504736	0.06781250238418579
phase2fw_vs_fx100wm	797	50	35	35	0	70.0	70.0	0.007210131734609604	0.05569297820329666
phase2fw_vs_fx100wm	51	50	48	48	0	96.0	96.0	0.007221769075840712	0.04716740548610687
phase2fw_vs_fx100wm	48	50	48	48	0	96.0	96.0	0.007234831340610981	0.05062500014901161
phase2fw_vs_fx100wm	550	50	40	40	0	80.0	80.0	0.007243352942168713	0.0010008621029555798
phase2fw_vs_fx100wm	799	50	23	23	0	46.0	46.0	0.007262488827109337	0.007658262271434069
phase2fw_vs_fx100wm	962	50	40	40	0	80.0	80.0	0.007283387705683708	0.05123107135295868
phase2fw_vs_fx100wm	244	50	47	47	0	94.0	94.0	0.007319908123463392	0.04511411488056183
phase2fw_vs_fx100wm	761	50	42	42	0	84.0	84.0	0.007322198245674372	0.060167886316776276
phase2fw_vs_fx100wm	38	50	43	43	0	86.0	86.0	0.0073552061803638935	0.05174858123064041
phase2fw_vs_fx100wm	679	50	48	48	0	96.0	96.0	0.007368713151663542	0.04690590873360634
phase2fw_vs_fx100wm	568	50	41	41	0	82.0	82.0	0.0073818909004330635	0.05458669736981392
phase2fw_vs_fx100wm	11	50	48	48	0	96.0	96.0	0.007390434853732586	0.05017026886343956
phase2fw_vs_fx100wm	474	50	40	40	0	80.0	80.0	0.007407097145915031	0.0637499988079071
phase2fw_vs_fx100wm	927	50	48	48	0	96.0	96.0	0.007409107871353626	0.060056351125240326
phase2fw_vs_fx100wm	265	50	37	37	0	74.0	74.0	0.007427236996591091	0.016984349116683006
phase2fw_vs_fx100wm	153	50	42	42	0	84.0	84.0	0.007462487090379	0.02203504554927349
phase2fw_vs_fx100wm	408	50	37	37	0	74.0	74.0	0.007474648766219616	0.04281386360526085
phase2fw_vs_fx100wm	364	50	50	50	0	100.0	100.0	0.007486988324671984	0.050026796758174896
phase2fw_vs_fx100wm	447	50	32	32	0	64.0	64.0	0.007494858466088772	0.0741763785481453
phase2fw_vs_fx100wm	293	50	48	48	0	96.0	96.0	0.007511013187468052	0.05562499910593033
phase2fw_vs_fx100wm	503	50	32	32	0	64.0	64.0	0.007537948898971081	0.04330829530954361
phase2fw_vs_fx100wm	20	50	44	44	0	88.0	88.0	0.007538750302046537	0.038464345037937164
phase2fw_vs_fx100wm	682	50	43	43	0	86.0	86.0	0.007541402708739042	0.055569764226675034
phase2fw_vs_fx100wm	114	50	43	43	0	86.0	86.0	0.00755181023851037	0.057812489569187164
phase2fw_vs_fx100wm	422	50	30	30	0	60.0	60.0	0.007555606309324503	0.05102592334151268
phase2fw_vs_fx100wm	141	50	46	46	0	92.0	92.0	0.007576682139188051	0.038152121007442474
phase2fw_vs_fx100wm	162	50	44	44	0	88.0	88.0	0.007592224981635809	0.04093749076128006
phase2fw_vs_fx100wm	5	50	43	43	0	86.0	86.0	0.007593218237161636	0.026111707091331482
phase2fw_vs_fx100wm	74	50	30	30	0	60.0	60.0	0.007598269730806351	0.021250000223517418
phase2fw_vs_fx100wm	676	50	38	38	0	76.0	76.0	0.007613271940499544	0.04475002363324165
phase2fw_vs_fx100wm	469	50	34	34	0	68.0	68.0	0.007615570444613695	0.03517743945121765
phase2fw_vs_fx100wm	0	50	48	48	0	96.0	96.0	0.007625094149261713	0.037598561495542526
phase2fw_vs_fx100wm	55	50	33	33	0	66.0	66.0	0.007633726112544537	0.023060178384184837
phase2fw_vs_fx100wm	423	50	37	37	0	74.0	74.0	0.0076434193179011345	0.02500000037252903
phase2fw_vs_fx100wm	319	50	43	43	0	86.0	86.0	0.007655467838048935	0.04312498867511749
phase2fw_vs_fx100wm	483	50	38	38	0	76.0	76.0	0.0076593067497015	0.03376718610525131
phase2fw_vs_fx100wm	275	50	50	50	0	100.0	100.0	0.007659425958991051	0.06312499940395355
phase2fw_vs_fx100wm	875	50	41	41	0	82.0	82.0	0.007673685438930988	0.04249998927116394
phase2fw_vs_fx100wm	747	50	36	36	0	72.0	72.0	0.00768826249986887	0.06164390593767166
phase2fw_vs_fx100wm	922	50	43	43	0	86.0	86.0	0.007692364044487476	0.05558399111032486
phase2fw_vs_fx100wm	831	50	41	41	0	82.0	82.0	0.00769473472610116	0.045685261487960815
phase2fw_vs_fx100wm	297	50	37	37	0	74.0	74.0	0.007704647723585367	0.08868906646966934
phase2fw_vs_fx100wm	672	50	47	47	0	94.0	94.0	0.007711800746619701	0.07093749940395355
phase2fw_vs_fx100wm	100	50	49	49	0	98.0	98.0	0.007722273003309965	0.0714859589934349
phase2fw_vs_fx100wm	13	50	50	50	0	100.0	100.0	0.00773448683321476	0.055781248956918716
phase2fw_vs_fx100wm	724	50	45	45	0	90.0	90.0	0.007738686166703701	0.025256337597966194
phase2fw_vs_fx100wm	994	50	45	45	0	90.0	90.0	0.007751239463686943	0.07390625029802322
phase2fw_vs_fx100wm	684	50	45	45	0	90.0	90.0	0.007774000987410545	0.08920332789421082
phase2fw_vs_fx100wm	726	50	46	46	0	92.0	92.0	0.007774320896714926	0.07446169853210449
phase2fw_vs_fx100wm	228	50	45	45	0	90.0	90.0	0.00779598718509078	0.06165076419711113
phase2fw_vs_fx100wm	179	50	37	37	0	74.0	74.0	0.007812920026481152	0.016249999403953552
phase2fw_vs_fx100wm	257	50	42	42	0	84.0	84.0	0.007826910354197025	0.02719651162624359
phase2fw_vs_fx100wm	111	50	48	48	0	96.0	96.0	0.007831772789359093	0.09853141754865646
phase2fw_vs_fx100wm	129	50	50	50	0	100.0	100.0	0.007834161631762981	0.04772564768791199
phase2fw_vs_fx100wm	219	50	42	42	0	84.0	84.0	0.007835354655981064	0.051874998956918716
phase2fw_vs_fx100wm	118	50	43	43	0	86.0	86.0	0.007857640273869038	0.02862558327615261
phase2fw_vs_fx100wm	330	50	40	40	0	80.0	80.0	0.007862105965614319	0.026249999180436134
phase2fw_vs_fx100wm	298	50	39	39	0	78.0	78.0	0.007890680804848671	0.056718770414590836
phase2fw_vs_fx100wm	693	50	40	40	0	80.0	80.0	0.007921158336102962	0.026138992980122566
phase2fw_vs_fx100wm	105	50	46	46	0	92.0	92.0	0.007940132170915604	0.06687500327825546
phase2fw_vs_fx100wm	84	50	49	49	0	98.0	98.0	0.007947226986289024	0.05197890102863312
phase2fw_vs_fx100wm	825	50	42	42	0	84.0	84.0	0.007962162606418133	0.09062500298023224
phase2fw_vs_fx100wm	50	50	45	45	0	90.0	90.0	0.007988461293280125	0.04125000163912773
phase2fw_vs_fx100wm	136	50	50	50	0	100.0	100.0	0.00803279411047697	0.030065136030316353
phase2fw_vs_fx100wm	624	50	33	33	0	66.0	66.0	0.008067845366895199	0.026071108877658844
phase2fw_vs_fx100wm	174	50	45	45	0	90.0	90.0	0.008071914315223694	0.029687490314245224
phase2fw_vs_fx100wm	970	50	27	27	0	54.0	54.0	0.008072124794125557	0.012500009499490261
phase2fw_vs_fx100wm	628	50	46	46	0	92.0	92.0	0.008079971186816692	0.026249999180436134
phase2fw_vs_fx100wm	346	50	45	45	0	90.0	90.0	0.00808139517903328	0.02204788289964199
phase2fw_vs_fx100wm	816	50	48	48	0	96.0	96.0	0.008090331219136715	0.05693693086504936
phase2fw_vs_fx100wm	86	50	43	43	0	86.0	86.0	0.00809060875326395	0.020625000819563866
phase2fw_vs_fx100wm	7	50	37	37	0	74.0	74.0	0.008094153366982937	0.03374999016523361
phase2fw_vs_fx100wm	823	50	40	40	0	80.0	80.0	0.008101016283035278	0.06843750178813934
phase2fw_vs_fx100wm	553	50	42	42	0	84.0	84.0	0.00810754019767046	0.025312500074505806
phase2fw_vs_fx100wm	997	50	38	38	0	76.0	76.0	0.008124085143208504	0.044062498956918716
phase2fw_vs_fx100wm	295	50	44	44	0	88.0	88.0	0.008126048371195793	0.010440387763082981
phase2fw_vs_fx100wm	416	50	45	45	0	90.0	90.0	0.008133906871080399	0.03593749925494194
phase2fw_vs_fx100wm	85	50	47	47	0	94.0	94.0	0.008133907802402973	0.031874991953372955
phase2fw_vs_fx100wm	131	50	42	42	0	84.0	84.0	0.00813809409737587	0.047187499701976776
phase2fw_vs_fx100wm	54	50	33	33	0	66.0	66.0	0.008164983242750168	0.06598209589719772
phase2fw_vs_fx100wm	119	50	37	37	0	74.0	74.0	0.008171155117452145	0.03834276273846626
phase2fw_vs_fx100wm	690	50	47	47	0	94.0	94.0	0.008171617053449154	0.022993192076683044
phase2fw_vs_fx100wm	155	50	41	41	0	82.0	82.0	0.008189257234334946	0.03458172827959061
phase2fw_vs_fx100wm	426	50	45	45	0	90.0	90.0	0.008197455666959286	0.058882370591163635
phase2fw_vs_fx100wm	781	50	44	44	0	88.0	88.0	0.008197733201086521	0.04977951943874359
phase2fw_vs_fx100wm	602	50	39	39	0	78.0	78.0	0.008204406127333641	0.045740384608507156
phase2fw_vs_fx100wm	362	50	44	44	0	88.0	88.0	0.008209866471588612	0.027999144047498703
phase2fw_vs_fx100wm	625	50	47	47	0	94.0	94.0	0.00821355078369379	0.0432833768427372
phase2fw_vs_fx100wm	702	50	42	42	0	84.0	84.0	0.00824635848402977	0.032499998807907104
phase2fw_vs_fx100wm	21	50	42	42	0	84.0	84.0	0.00825464352965355	0.033507090061903
phase2fw_vs_fx100wm	858	50	42	42	0	84.0	84.0	0.008269762620329857	0.03222743049263954
phase2fw_vs_fx100wm	156	50	48	48	0	96.0	96.0	0.008277644403278828	0.064487524330616
phase2fw_vs_fx100wm	220	50	37	37	0	74.0	74.0	0.008284402079880238	0.03467181324958801
phase2fw_vs_fx100wm	433	50	42	42	0	84.0	84.0	0.00828609149903059	0.028444929048419
phase2fw_vs_fx100wm	341	50	32	32	0	64.0	64.0	0.008306436240673065	0.029078025370836258
phase2fw_vs_fx100wm	560	50	48	48	0	96.0	96.0	0.008330835960805416	0.042780838906764984
phase2fw_vs_fx100wm	808	50	36	36	0	72.0	72.0	0.008345278911292553	0.04214205592870712
phase2fw_vs_fx100wm	533	50	48	48	0	96.0	96.0	0.008348654955625534	0.07531250268220901
phase2fw_vs_fx100wm	34	50	36	36	0	72.0	72.0	0.008363334462046623	0.05000000074505806
phase2fw_vs_fx100wm	70	50	44	44	0	88.0	88.0	0.008381239138543606	0.04759557545185089
phase2fw_vs_fx100wm	80	50	44	44	0	88.0	88.0	0.008408555760979652	0.05875055491924286
phase2fw_vs_fx100wm	369	50	40	40	0	80.0	80.0	0.008435706607997417	0.054166678339242935
phase2fw_vs_fx100wm	336	50	48	48	0	96.0	96.0	0.00843716599047184	0.05052757263183594
phase2fw_vs_fx100wm	563	50	44	44	0	88.0	88.0	0.008464089594781399	0.06406250596046448
phase2fw_vs_fx100wm	608	50	37	37	0	74.0	74.0	0.008466813713312149	0.04752127826213837
phase2fw_vs_fx100wm	869	50	35	35	0	70.0	70.0	0.008469606749713421	0.04400314390659332
phase2fw_vs_fx100wm	89	50	49	49	0	98.0	98.0	0.008470910601317883	0.055406976491212845
phase2fw_vs_fx100wm	367	50	43	43	0	86.0	86.0	0.008509512059390545	0.03478961065411568
phase2fw_vs_fx100wm	262	50	48	48	0	96.0	96.0	0.008519908413290977	0.055468883365392685
phase2fw_vs_fx100wm	487	50	40	40	0	80.0	80.0	0.008546526543796062	0.03221846744418144
phase2fw_vs_fx100wm	528	50	48	48	0	96.0	96.0	0.008556143380701542	-0.003813571995124221
phase2fw_vs_fx100wm	277	50	33	33	0	66.0	66.0	0.008558511734008789	0.02117663435637951
phase2fw_vs_fx100wm	586	50	45	45	0	90.0	90.0	0.008559032343327999	0.01718750037252903
phase2fw_vs_fx100wm	93	50	49	49	0	98.0	98.0	0.008562207221984863	0.038593750447034836
phase2fw_vs_fx100wm	222	50	37	37	0	74.0	74.0	0.008569266647100449	0.02045557089149952
phase2fw_vs_fx100wm	504	50	28	28	0	56.0	56.0	0.008591975085437298	0.03359135612845421
phase2fw_vs_fx100wm	401	50	44	44	0	88.0	88.0	0.008596386760473251	0.048073407262563705
phase2fw_vs_fx100wm	317	50	45	45	0	90.0	90.0	0.008623170666396618	0.028750000521540642
phase2fw_vs_fx100wm	510	50	46	46	0	92.0	92.0	0.008634109050035477	0.0429060161113739
phase2fw_vs_fx100wm	969	50	23	23	0	46.0	46.0	0.008646007627248764	0.06528101861476898
phase2fw_vs_fx100wm	544	50	39	39	0	78.0	78.0	0.008651042357087135	0.027751846238970757
phase2fw_vs_fx100wm	472	50	48	48	0	96.0	96.0	0.008658303879201412	0.04500000178813934
phase2fw_vs_fx100wm	741	50	36	36	0	72.0	72.0	0.008665942586958408	0.055937498807907104
phase2fw_vs_fx100wm	64	50	34	34	0	68.0	68.0	0.008669362403452396	0.023749999701976776
phase2fw_vs_fx100wm	734	50	43	43	0	86.0	86.0	0.008674217388033867	0.03083129972219467
phase2fw_vs_fx100wm	351	50	47	47	0	94.0	94.0	0.008689796552062035	0.03875000774860382
phase2fw_vs_fx100wm	852	50	42	42	0	84.0	84.0	0.008690517395734787	0.06287912279367447
phase2fw_vs_fx100wm	859	50	38	38	0	76.0	76.0	0.008702638559043407	0.09248139709234238
phase2fw_vs_fx100wm	389	50	44	44	0	88.0	88.0	0.008731935173273087	0.056458741426467896
phase2fw_vs_fx100wm	494	50	37	37	0	74.0	74.0	0.008736279793083668	-0.003928584977984428
phase2fw_vs_fx100wm	82	50	43	43	0	86.0	86.0	0.008744207210838795	0.038125019520521164
phase2fw_vs_fx100wm	811	50	35	35	0	70.0	70.0	0.008756974712014198	0.05178296938538551
phase2fw_vs_fx100wm	376	50	50	50	0	100.0	100.0	0.008787172846496105	0.07884693890810013
phase2fw_vs_fx100wm	896	50	42	42	0	84.0	84.0	0.008801334537565708	0.028115682303905487
phase2fw_vs_fx100wm	157	50	48	48	0	96.0	96.0	0.00880395621061325	0.06812500953674316
phase2fw_vs_fx100wm	396	50	48	48	0	96.0	96.0	0.008816653862595558	0.07169395685195923
phase2fw_vs_fx100wm	646	50	45	45	0	90.0	90.0	0.008823668584227562	0.03173118457198143
phase2fw_vs_fx100wm	871	50	40	40	0	80.0	80.0	0.008830280043184757	0.01258087158203125
phase2fw_vs_fx100wm	757	50	45	45	0	90.0	90.0	0.008848819881677628	0.018922090530395508
phase2fw_vs_fx100wm	930	50	33	33	0	66.0	66.0	0.008850142359733582	0.057409029453992844
phase2fw_vs_fx100wm	441	50	39	39	0	78.0	78.0	0.0088864890858531	0.03306487947702408
phase2fw_vs_fx100wm	216	50	48	48	0	96.0	96.0	0.008919822983443737	0.06122392788529396
phase2fw_vs_fx100wm	699	50	43	43	0	86.0	86.0	0.008960576727986336	0.06298098713159561
phase2fw_vs_fx100wm	525	50	41	41	0	82.0	82.0	0.008967150002717972	0.055675964802503586
phase2fw_vs_fx100wm	547	50	44	44	0	88.0	88.0	0.008992478251457214	0.03562499210238457
phase2fw_vs_fx100wm	188	50	44	44	0	88.0	88.0	0.009001540020108223	0.02918587625026703
phase2fw_vs_fx100wm	654	50	39	39	0	78.0	78.0	0.00903344713151455	0.034375037997961044
phase2fw_vs_fx100wm	198	50	45	45	0	90.0	90.0	0.009062840603291988	0.02187499962747097
phase2fw_vs_fx100wm	920	50	41	41	0	82.0	82.0	0.009098110720515251	0.04781249910593033
phase2fw_vs_fx100wm	771	50	45	45	0	90.0	90.0	0.009098644368350506	0.054955415427684784
phase2fw_vs_fx100wm	695	50	38	38	0	76.0	76.0	0.009101287461817265	0.0750337541103363
phase2fw_vs_fx100wm	489	50	39	39	0	78.0	78.0	0.009104166179895401	0.0273988526314497
phase2fw_vs_fx100wm	901	50	33	33	0	66.0	66.0	0.00913213286548853	0.05704545974731445
phase2fw_vs_fx100wm	343	50	48	48	0	96.0	96.0	0.009155631996691227	0.02437499910593033
phase2fw_vs_fx100wm	518	50	49	49	0	98.0	98.0	0.00916372425854206	0.055781248956918716
phase2fw_vs_fx100wm	838	50	25	25	0	50.0	50.0	0.009211455471813679	0.03892572224140167
phase2fw_vs_fx100wm	187	50	37	37	0	74.0	74.0	0.009217679500579834	0.01575186662375927
phase2fw_vs_fx100wm	175	50	34	34	0	68.0	68.0	0.009230856783688068	0.04683106392621994
phase2fw_vs_fx100wm	882	50	39	39	0	78.0	78.0	0.009238016791641712	0.06766095012426376
phase2fw_vs_fx100wm	826	50	36	36	0	72.0	72.0	0.00924131739884615	0.044159553945064545
phase2fw_vs_fx100wm	879	50	38	38	0	76.0	76.0	0.009284090250730515	0.06544031947851181
phase2fw_vs_fx100wm	723	50	49	49	0	98.0	98.0	0.009293940849602222	0.037184134125709534
phase2fw_vs_fx100wm	15	50	49	49	0	98.0	98.0	0.009307465516030788	0.048125009983778
phase2fw_vs_fx100wm	790	50	36	36	0	72.0	72.0	0.00933556817471981	0.02833506651222706
phase2fw_vs_fx100wm	144	50	48	48	0	96.0	96.0	0.009359904564917088	0.08828125149011612
phase2fw_vs_fx100wm	766	50	45	45	0	90.0	90.0	0.009367262944579124	0.08990553766489029
phase2fw_vs_fx100wm	464	50	31	31	0	62.0	62.0	0.009391219355165958	0.051029711961746216
phase2fw_vs_fx100wm	718	50	30	30	0	60.0	60.0	0.009402576833963394	0.012262573465704918
phase2fw_vs_fx100wm	860	50	25	25	0	50.0	50.0	0.0094672916457057	0.06640788912773132
phase2fw_vs_fx100wm	10	50	48	48	0	96.0	96.0	0.009477128274738789	0.05781171843409538
phase2fw_vs_fx100wm	651	50	34	34	0	68.0	68.0	0.009482412599027157	0.026650648564100266
phase2fw_vs_fx100wm	160	50	50	50	0	100.0	100.0	0.009517536498606205	0.052031248807907104
phase2fw_vs_fx100wm	215	50	49	49	0	98.0	98.0	0.009534141980111599	0.028749991208314896
phase2fw_vs_fx100wm	355	50	47	47	0	94.0	94.0	0.009538772515952587	0.06205054372549057
phase2fw_vs_fx100wm	358	50	28	28	0	56.0	56.0	0.00953893642872572	0.02375842072069645
phase2fw_vs_fx100wm	842	50	37	37	0	74.0	74.0	0.00954083539545536	0.034231748431921005
phase2fw_vs_fx100wm	554	50	49	49	0	98.0	98.0	0.009550219401717186	0.07187499850988388
phase2fw_vs_fx100wm	354	50	46	46	0	92.0	92.0	0.009572261944413185	0.040223848074674606
phase2fw_vs_fx100wm	570	50	45	45	0	90.0	90.0	0.009589452296495438	0.015416431240737438
phase2fw_vs_fx100wm	751	50	40	40	0	80.0	80.0	0.009594660252332687	0.023583421483635902
phase2fw_vs_fx100wm	230	50	44	44	0	88.0	88.0	0.009599562734365463	0.05164743587374687
phase2fw_vs_fx100wm	802	50	48	48	0	96.0	96.0	0.009607273153960705	0.047481268644332886
phase2fw_vs_fx100wm	449	50	45	45	0	90.0	90.0	0.009635199792683125	0.03156246989965439
phase2fw_vs_fx100wm	29	50	48	48	0	96.0	96.0	0.009665114805102348	0.07978267967700958
phase2fw_vs_fx100wm	621	50	43	43	0	86.0	86.0	0.009669997729361057	0.015625
phase2fw_vs_fx100wm	709	50	42	42	0	84.0	84.0	0.009712419472634792	0.02964460290968418
phase2fw_vs_fx100wm	81	50	46	46	0	92.0	92.0	0.009731119498610497	0.059983376413583755
phase2fw_vs_fx100wm	395	50	39	39	0	78.0	78.0	0.00973228458315134	0.04459415376186371
phase2fw_vs_fx100wm	700	50	38	38	0	76.0	76.0	0.009739594534039497	0.014514817856252193
phase2fw_vs_fx100wm	576	50	49	49	0	98.0	98.0	0.009742933325469494	0.09742531925439835
phase2fw_vs_fx100wm	873	50	48	48	0	96.0	96.0	0.009747859090566635	0.08663970232009888
phase2fw_vs_fx100wm	956	50	49	49	0	98.0	98.0	0.009753181599080563	0.07175064831972122
phase2fw_vs_fx100wm	284	50	49	49	0	98.0	98.0	0.009757418185472488	0.05794204771518707
phase2fw_vs_fx100wm	235	50	44	44	0	88.0	88.0	0.009759950451552868	0.049999989569187164
phase2fw_vs_fx100wm	291	50	50	50	0	100.0	100.0	0.009788621217012405	0.0662955790758133
phase2fw_vs_fx100wm	714	50	40	40	0	80.0	80.0	0.009795176796615124	0.053471993654966354
phase2fw_vs_fx100wm	604	50	48	48	0	96.0	96.0	0.009797108359634876	0.07712419331073761
phase2fw_vs_fx100wm	247	50	47	47	0	94.0	94.0	0.009809067472815514	0.06406398117542267
phase2fw_vs_fx100wm	217	50	46	46	0	92.0	92.0	0.00982252974063158	0.04341103509068489
phase2fw_vs_fx100wm	279	50	49	49	0	98.0	98.0	0.00982934981584549	0.048124998807907104
phase2fw_vs_fx100wm	844	50	36	36	0	72.0	72.0	0.009873802773654461	0.06653053313493729
phase2fw_vs_fx100wm	868	50	37	37	0	74.0	74.0	0.009886961430311203	0.06048788130283356
phase2fw_vs_fx100wm	126	50	39	39	0	78.0	78.0	0.009893535636365414	0.05934103950858116
phase2fw_vs_fx100wm	2	50	44	44	0	88.0	88.0	0.009911347180604935	0.048506803810596466
phase2fw_vs_fx100wm	958	50	46	46	0	92.0	92.0	0.009917382150888443	0.05503419041633606
phase2fw_vs_fx100wm	596	50	39	39	0	78.0	78.0	0.009930643253028393	0.03689318522810936
phase2fw_vs_fx100wm	660	50	35	35	0	70.0	70.0	0.009942946955561638	0.030028028413653374
phase2fw_vs_fx100wm	276	50	47	47	0	94.0	94.0	0.00994808878749609	0.05312500149011612
phase2fw_vs_fx100wm	850	50	43	43	0	86.0	86.0	0.00997861661016941	0.05840325355529785
phase2fw_vs_fx100wm	199	50	38	38	0	76.0	76.0	0.009980379603803158	0.05062500014901161
phase2fw_vs_fx100wm	63	50	43	43	0	86.0	86.0	0.009997799061238766	0.05568978190422058
phase2fw_vs_fx100wm	645	50	50	50	0	100.0	100.0	0.010006006807088852	0.09947947412729263
phase2fw_vs_fx100wm	201	50	33	33	0	66.0	66.0	0.010014653205871582	0.051794279366731644
phase2fw_vs_fx100wm	466	50	48	48	0	96.0	96.0	0.010020256042480469	0.05307407304644585
phase2fw_vs_fx100wm	183	50	43	43	0	86.0	86.0	0.010025560855865479	0.03137792646884918
phase2fw_vs_fx100wm	268	50	48	48	0	96.0	96.0	0.010072357952594757	0.07045836746692657
phase2fw_vs_fx100wm	212	50	44	44	0	88.0	88.0	0.010141569189727306	0.0637499988079071
phase2fw_vs_fx100wm	377	50	41	41	0	82.0	82.0	0.01023959368467331	0.02812499925494194
phase2fw_vs_fx100wm	863	50	48	48	0	96.0	96.0	0.010240793228149414	0.07718750089406967
phase2fw_vs_fx100wm	132	50	46	46	0	92.0	92.0	0.010246827267110348	0.05742006376385689
phase2fw_vs_fx100wm	769	50	40	40	0	80.0	80.0	0.01025083102285862	0.08376944810152054
phase2fw_vs_fx100wm	147	50	49	49	0	98.0	98.0	0.010264698415994644	0.0646214485168457
phase2fw_vs_fx100wm	659	50	44	44	0	88.0	88.0	0.010268189944326878	0.05618077144026756
phase2fw_vs_fx100wm	17	50	46	46	0	92.0	92.0	0.010290103033185005	0.08671875298023224
phase2fw_vs_fx100wm	305	50	45	45	0	90.0	90.0	0.01030687615275383	0.04874999076128006
phase2fw_vs_fx100wm	774	50	38	38	0	76.0	76.0	0.010311719961464405	0.06210185959935188
phase2fw_vs_fx100wm	534	50	32	32	0	64.0	64.0	0.010312790051102638	0.057227544486522675
phase2fw_vs_fx100wm	390	50	36	36	0	72.0	72.0	0.01033077109605074	0.06622938811779022
phase2fw_vs_fx100wm	990	50	50	50	0	100.0	100.0	0.010346051305532455	0.09908799082040787
phase2fw_vs_fx100wm	316	50	48	48	0	96.0	96.0	0.010355478152632713	0.0654149278998375
phase2fw_vs_fx100wm	349	50	37	37	0	74.0	74.0	0.010397303849458694	0.021875008940696716
phase2fw_vs_fx100wm	260	50	47	47	0	94.0	94.0	0.010419053956866264	0.04874999076128006
phase2fw_vs_fx100wm	448	50	45	45	0	90.0	90.0	0.010425392538309097	0.07998611778020859
phase2fw_vs_fx100wm	363	50	47	47	0	94.0	94.0	0.010447624139487743	0.08580461144447327
phase2fw_vs_fx100wm	880	50	47	47	0	94.0	94.0	0.010453617200255394	0.04843749850988388
phase2fw_vs_fx100wm	839	50	35	35	0	70.0	70.0	0.010477469302713871	0.052043646574020386
phase2fw_vs_fx100wm	668	50	48	48	0	96.0	96.0	0.010502371937036514	0.0703125074505806
phase2fw_vs_fx100wm	864	50	36	36	0	72.0	72.0	0.010510850697755814	0.04075152426958084
phase2fw_vs_fx100wm	403	50	44	44	0	88.0	88.0	0.010553428903222084	0.04359374940395355
phase2fw_vs_fx100wm	716	50	46	46	0	92.0	92.0	0.010564428754150867	0.07195053994655609
phase2fw_vs_fx100wm	571	50	46	46	0	92.0	92.0	0.010568780824542046	0.054139625281095505
phase2fw_vs_fx100wm	847	50	40	40	0	80.0	80.0	0.01058235764503479	0.018124990165233612
phase2fw_vs_fx100wm	350	50	47	47	0	94.0	94.0	0.010582426562905312	0.045870665460824966
phase2fw_vs_fx100wm	578	50	39	39	0	78.0	78.0	0.010614867322146893	0.040917299687862396
phase2fw_vs_fx100wm	575	50	44	44	0	88.0	88.0	0.01061668898910284	0.04613892734050751
phase2fw_vs_fx100wm	915	50	48	48	0	96.0	96.0	0.010623762384057045	0.0703125
phase2fw_vs_fx100wm	756	50	39	39	0	78.0	78.0	0.010647683404386044	0.03937501087784767
phase2fw_vs_fx100wm	252	50	41	41	0	82.0	82.0	0.010655484162271023	0.032319240272045135
phase2fw_vs_fx100wm	333	50	50	50	0	100.0	100.0	0.010664927773177624	0.1374824196100235
phase2fw_vs_fx100wm	803	50	49	49	0	98.0	98.0	0.010667894035577774	0.05242100730538368
phase2fw_vs_fx100wm	961	50	26	26	0	52.0	52.0	0.010705343447625637	0.04800749942660332
phase2fw_vs_fx100wm	270	50	48	48	0	96.0	96.0	0.01071279775351286	0.03367630019783974
phase2fw_vs_fx100wm	116	50	46	46	0	92.0	92.0	0.010763552971184254	0.08687500655651093
phase2fw_vs_fx100wm	891	50	41	41	0	82.0	82.0	0.01081926841288805	0.09810018539428711
phase2fw_vs_fx100wm	312	50	33	33	0	66.0	66.0	0.010821509175002575	0.015625
phase2fw_vs_fx100wm	328	50	47	47	0	94.0	94.0	0.010822070762515068	0.07712142169475555
phase2fw_vs_fx100wm	919	50	41	41	0	82.0	82.0	0.01084758248180151	0.04555787891149521
phase2fw_vs_fx100wm	733	50	27	27	0	54.0	54.0	0.010883835144340992	0.05017031729221344
phase2fw_vs_fx100wm	296	50	48	48	0	96.0	96.0	0.0108991339802742	0.07611636072397232
phase2fw_vs_fx100wm	209	50	47	47	0	94.0	94.0	0.010912749916315079	0.07906430959701538
phase2fw_vs_fx100wm	577	50	46	46	0	92.0	92.0	0.010942556895315647	0.02945246733725071
phase2fw_vs_fx100wm	626	50	40	40	0	80.0	80.0	0.010943491011857986	0.048237159848213196
phase2fw_vs_fx100wm	565	50	50	50	0	100.0	100.0	0.011003672145307064	0.0750180259346962
phase2fw_vs_fx100wm	967	50	36	36	0	72.0	72.0	0.011024076491594315	0.047163259238004684
phase2fw_vs_fx100wm	759	50	42	42	0	84.0	84.0	0.011028212495148182	0.047549132257699966
phase2fw_vs_fx100wm	59	50	33	33	0	66.0	66.0	0.011059696786105633	0.03648975491523743
phase2fw_vs_fx100wm	522	50	47	47	0	94.0	94.0	0.011087523773312569	0.062222179025411606
phase2fw_vs_fx100wm	471	50	46	46	0	92.0	92.0	0.011123882606625557	0.05360645428299904
phase2fw_vs_fx100wm	314	50	42	42	0	84.0	84.0	0.011258541606366634	0.07978521287441254
phase2fw_vs_fx100wm	739	50	48	48	0	96.0	96.0	0.01129425410181284	0.08377841114997864
phase2fw_vs_fx100wm	642	50	46	46	0	92.0	92.0	0.01129840686917305	0.07638027518987656
phase2fw_vs_fx100wm	592	50	43	43	0	86.0	86.0	0.011301352642476559	0.08921875059604645
phase2fw_vs_fx100wm	106	50	40	40	0	80.0	80.0	0.011331566609442234	0.0879502221941948
phase2fw_vs_fx100wm	788	50	46	46	0	92.0	92.0	0.011333954520523548	0.07444082200527191
phase2fw_vs_fx100wm	337	50	42	42	0	84.0	84.0	0.011337220668792725	0.0512906089425087
phase2fw_vs_fx100wm	145	50	49	49	0	98.0	98.0	0.011365732178092003	0.07429394870996475
phase2fw_vs_fx100wm	332	50	49	49	0	98.0	98.0	0.011409149505198002	0.06781250238418579
phase2fw_vs_fx100wm	752	50	41	41	0	82.0	82.0	0.011409586295485497	0.06343749910593033
phase2fw_vs_fx100wm	583	50	46	46	0	92.0	92.0	0.011427058838307858	0.10527027398347855
phase2fw_vs_fx100wm	334	50	47	47	0	94.0	94.0	0.011443640105426311	0.07764600962400436
phase2fw_vs_fx100wm	194	50	44	44	0	88.0	88.0	0.011447856202721596	0.10031433403491974
phase2fw_vs_fx100wm	75	50	45	45	0	90.0	90.0	0.01156136766076088	0.07922583818435669
phase2fw_vs_fx100wm	170	50	39	39	0	78.0	78.0	0.011621621437370777	0.049687501043081284
phase2fw_vs_fx100wm	229	50	49	49	0	98.0	98.0	0.011642022989690304	0.07847200334072113
phase2fw_vs_fx100wm	450	50	48	48	0	96.0	96.0	0.011647283099591732	0.08359374105930328
phase2fw_vs_fx100wm	540	50	43	43	0	86.0	86.0	0.011657387018203735	0.05343750864267349
phase2fw_vs_fx100wm	410	50	45	45	0	90.0	90.0	0.011670776642858982	0.08460602164268494
phase2fw_vs_fx100wm	895	50	42	42	0	84.0	84.0	0.011775911785662174	0.03352975845336914
phase2fw_vs_fx100wm	486	50	45	45	0	90.0	90.0	0.011782925575971603	0.04698269069194794
phase2fw_vs_fx100wm	221	50	45	45	0	90.0	90.0	0.011790687218308449	0.06835674494504929
phase2fw_vs_fx100wm	191	50	45	45	0	90.0	90.0	0.011860213242471218	0.05937499925494194
phase2fw_vs_fx100wm	507	50	43	43	0	86.0	86.0	0.011907624080777168	0.06340292096138
phase2fw_vs_fx100wm	630	50	45	45	0	90.0	90.0	0.011917474679648876	0.07647035270929337
phase2fw_vs_fx100wm	765	50	39	39	0	78.0	78.0	0.011941928416490555	0.032098256051540375
phase2fw_vs_fx100wm	79	50	40	40	0	80.0	80.0	0.011959319934248924	0.07009699940681458
phase2fw_vs_fx100wm	301	50	48	48	0	96.0	96.0	0.012054013088345528	0.040625013411045074
phase2fw_vs_fx100wm	387	50	47	47	0	94.0	94.0	0.01205616258084774	0.08154664188623428
phase2fw_vs_fx100wm	813	50	22	22	0	44.0	44.0	0.012063615024089813	0.052641935646533966
phase2fw_vs_fx100wm	703	50	39	39	0	78.0	78.0	0.012079061008989811	0.06495697796344757
phase2fw_vs_fx100wm	963	50	42	42	0	84.0	84.0	0.012084676884114742	0.07645739614963531
phase2fw_vs_fx100wm	760	50	41	41	0	82.0	82.0	0.012085570022463799	0.0532367043197155
phase2fw_vs_fx100wm	388	50	48	48	0	96.0	96.0	0.0121291633695364	0.11207324266433716
phase2fw_vs_fx100wm	18	50	47	47	0	94.0	94.0	0.012134933844208717	0.061227988451719284
phase2fw_vs_fx100wm	133	50	48	48	0	96.0	96.0	0.012151377275586128	0.08731572329998016
phase2fw_vs_fx100wm	667	50	29	29	0	58.0	58.0	0.01217231061309576	0.024794263765215874
phase2fw_vs_fx100wm	98	50	46	46	0	92.0	92.0	0.012231897562742233	0.09158845990896225
phase2fw_vs_fx100wm	97	50	47	47	0	94.0	94.0	0.012250239960849285	0.05406250059604645
phase2fw_vs_fx100wm	150	50	45	45	0	90.0	90.0	0.012271638959646225	0.05843748897314072
phase2fw_vs_fx100wm	768	50	45	45	0	90.0	90.0	0.012324660085141659	0.05435604229569435
phase2fw_vs_fx100wm	698	50	39	39	0	78.0	78.0	0.012326165102422237	0.05281249061226845
phase2fw_vs_fx100wm	149	50	44	44	0	88.0	88.0	0.012355096638202667	0.12593750655651093
phase2fw_vs_fx100wm	148	50	50	50	0	100.0	100.0	0.01244391780346632	0.06482625007629395
phase2fw_vs_fx100wm	306	50	45	45	0	90.0	90.0	0.01248782780021429	0.08687499910593033
phase2fw_vs_fx100wm	786	50	43	43	0	86.0	86.0	0.012513342313468456	0.07745779305696487
phase2fw_vs_fx100wm	609	50	43	43	0	86.0	86.0	0.012514378875494003	0.06761309504508972
phase2fw_vs_fx100wm	125	50	48	48	0	96.0	96.0	0.012536670081317425	0.07962798327207565
phase2fw_vs_fx100wm	775	50	33	33	0	66.0	66.0	0.012588603422045708	0.06998447328805923
phase2fw_vs_fx100wm	237	50	42	42	0	84.0	84.0	0.012592759914696217	0.0734776183962822
phase2fw_vs_fx100wm	812	50	48	48	0	96.0	96.0	0.012599804438650608	0.10190217941999435
phase2fw_vs_fx100wm	807	50	41	41	0	82.0	82.0	0.01260251272469759	0.060358792543411255
phase2fw_vs_fx100wm	764	50	25	25	0	50.0	50.0	0.01260958332568407	0.0715779960155487
phase2fw_vs_fx100wm	870	50	47	47	0	94.0	94.0	0.012617644853889942	0.06353446841239929
phase2fw_vs_fx100wm	740	50	27	27	0	54.0	54.0	0.0126259233802557	0.06017297878861427
phase2fw_vs_fx100wm	498	50	32	32	0	64.0	64.0	0.012629297561943531	0.07072636485099792
phase2fw_vs_fx100wm	203	50	47	47	0	94.0	94.0	0.01265708077698946	0.044562891125679016
phase2fw_vs_fx100wm	189	50	42	42	0	84.0	84.0	0.012720966711640358	0.06812501698732376
phase2fw_vs_fx100wm	391	50	44	44	0	88.0	88.0	0.01273178681731224	0.08022310584783554
phase2fw_vs_fx100wm	908	50	32	32	0	64.0	64.0	0.01273332815617323	0.05515623092651367
phase2fw_vs_fx100wm	573	50	50	50	0	100.0	100.0	0.012786010280251503	0.09171871095895767
phase2fw_vs_fx100wm	65	50	42	42	0	84.0	84.0	0.012795443646609783	0.06312498450279236
phase2fw_vs_fx100wm	412	50	39	39	0	78.0	78.0	0.012817298993468285	0.07312498986721039
phase2fw_vs_fx100wm	892	50	33	33	0	66.0	66.0	0.012839267030358315	0.05459978058934212
phase2fw_vs_fx100wm	843	50	45	45	0	90.0	90.0	0.012899530120193958	0.06766530126333237
phase2fw_vs_fx100wm	373	50	39	39	0	78.0	78.0	0.012947270646691322	0.05909134820103645
phase2fw_vs_fx100wm	647	50	44	44	0	88.0	88.0	0.013020501472055912	0.047066353261470795
phase2fw_vs_fx100wm	606	50	45	45	0	90.0	90.0	0.01303745899349451	0.09321767836809158
phase2fw_vs_fx100wm	360	50	41	41	0	82.0	82.0	0.013062714599072933	0.054825421422719955
phase2fw_vs_fx100wm	835	50	43	43	0	86.0	86.0	0.013109887018799782	0.06653592735528946
phase2fw_vs_fx100wm	96	50	46	46	0	92.0	92.0	0.013116767629981041	0.08562500029802322
phase2fw_vs_fx100wm	634	50	41	41	0	82.0	82.0	0.013151843100786209	0.0869516059756279
phase2fw_vs_fx100wm	407	50	46	46	0	92.0	92.0	0.013186050578951836	0.06188829243183136
phase2fw_vs_fx100wm	670	50	44	44	0	88.0	88.0	0.01321821566671133	0.02187499962747097
phase2fw_vs_fx100wm	662	50	35	35	0	70.0	70.0	0.01323725562542677	0.07249999791383743
phase2fw_vs_fx100wm	83	50	49	49	0	98.0	98.0	0.01323876902461052	0.09250906854867935
phase2fw_vs_fx100wm	365	50	46	46	0	92.0	92.0	0.013270216062664986	0.07431244105100632
phase2fw_vs_fx100wm	671	50	39	39	0	78.0	78.0	0.013373952358961105	0.05062498152256012
phase2fw_vs_fx100wm	232	50	41	41	0	82.0	82.0	0.013378760777413845	0.006874961778521538
phase2fw_vs_fx100wm	218	50	47	47	0	94.0	94.0	0.013420356437563896	0.07552363723516464
phase2fw_vs_fx100wm	612	50	47	47	0	94.0	94.0	0.013429577462375164	0.11554156988859177
phase2fw_vs_fx100wm	6	50	45	45	0	90.0	90.0	0.01344593521207571	0.03718750178813934
phase2fw_vs_fx100wm	972	50	34	34	0	68.0	68.0	0.013450928963720798	0.05710384249687195
phase2fw_vs_fx100wm	58	50	41	41	0	82.0	82.0	0.013491007499396801	0.06412067264318466
phase2fw_vs_fx100wm	593	50	40	40	0	80.0	80.0	0.01360885426402092	0.08689655363559723
phase2fw_vs_fx100wm	442	50	39	39	0	78.0	78.0	0.013756516389548779	0.05093748867511749
phase2fw_vs_fx100wm	294	50	48	48	0	96.0	96.0	0.0138709656894207	0.0838945135474205
phase2fw_vs_fx100wm	805	50	47	47	0	94.0	94.0	0.013994866982102394	0.112164705991745
phase2fw_vs_fx100wm	239	50	50	50	0	100.0	100.0	0.014006432145833969	0.04343748092651367
phase2fw_vs_fx100wm	342	50	45	45	0	90.0	90.0	0.014052379876375198	0.036250028759241104
phase2fw_vs_fx100wm	361	50	48	48	0	96.0	96.0	0.014081393368542194	0.07682701200246811
phase2fw_vs_fx100wm	804	50	33	33	0	66.0	66.0	0.014088921248912811	0.05985370650887489
phase2fw_vs_fx100wm	555	50	46	46	0	92.0	92.0	0.014106940478086472	0.046545278280973434
phase2fw_vs_fx100wm	795	50	41	41	0	82.0	82.0	0.014202630147337914	0.06464587152004242
phase2fw_vs_fx100wm	569	50	48	48	0	96.0	96.0	0.01421509962528944	0.07228250801563263
phase2fw_vs_fx100wm	787	50	33	33	0	66.0	66.0	0.014331063255667686	0.06868250668048859
phase2fw_vs_fx100wm	710	50	35	35	0	70.0	70.0	0.014466115273535252	0.09343750029802322
phase2fw_vs_fx100wm	477	50	38	38	0	76.0	76.0	0.014479917474091053	0.09773679077625275
phase2fw_vs_fx100wm	639	50	21	21	0	42.0	42.0	0.014483814127743244	0.007282314356416464
phase2fw_vs_fx100wm	758	50	42	42	0	84.0	84.0	0.014541071839630604	0.07396159321069717
phase2fw_vs_fx100wm	833	50	42	42	0	84.0	84.0	0.014693522825837135	0.04573805630207062
phase2fw_vs_fx100wm	661	50	47	47	0	94.0	94.0	0.014782343991100788	0.06211848184466362
phase2fw_vs_fx100wm	499	50	28	28	0	56.0	56.0	0.014803072437644005	0.04261421039700508
phase2fw_vs_fx100wm	399	50	43	43	0	86.0	86.0	0.014810562133789062	0.09093750268220901
phase2fw_vs_fx100wm	523	50	30	30	0	60.0	60.0	0.014820440672338009	0.09199920296669006
phase2fw_vs_fx100wm	378	50	45	45	0	90.0	90.0	0.01482249516993761	0.0925000011920929
phase2fw_vs_fx100wm	910	50	41	41	0	82.0	82.0	0.014824180863797665	0.05801105499267578
phase2fw_vs_fx100wm	637	50	42	42	0	84.0	84.0	0.014991619624197483	0.0650000125169754
phase2fw_vs_fx100wm	182	50	47	47	0	94.0	94.0	0.015005426481366158	0.09537716209888458
phase2fw_vs_fx100wm	778	50	41	41	0	82.0	82.0	0.015058062970638275	0.08318313956260681
phase2fw_vs_fx100wm	357	50	47	47	0	94.0	94.0	0.015067526139318943	0.0768749937415123
phase2fw_vs_fx100wm	743	50	37	37	0	74.0	74.0	0.01509685255587101	0.11229225993156433
phase2fw_vs_fx100wm	541	50	29	29	0	58.0	58.0	0.015105116181075573	0.07060585170984268
phase2fw_vs_fx100wm	704	50	46	46	0	92.0	92.0	0.015153776854276657	0.08485186845064163
phase2fw_vs_fx100wm	103	50	41	41	0	82.0	82.0	0.01542395818978548	0.09844622761011124
phase2fw_vs_fx100wm	567	50	26	26	0	52.0	52.0	0.015541217289865017	0.0426083579659462
phase2fw_vs_fx100wm	696	50	41	41	0	82.0	82.0	0.015553263016045094	0.10624997317790985
phase2fw_vs_fx100wm	707	50	44	44	0	88.0	88.0	0.01563635654747486	0.08656252175569534
phase2fw_vs_fx100wm	686	50	39	39	0	78.0	78.0	0.015779582783579826	0.07159798592329025
phase2fw_vs_fx100wm	814	50	49	49	0	98.0	98.0	0.015794338658452034	0.08382266759872437
phase2fw_vs_fx100wm	867	50	44	44	0	88.0	88.0	0.015839427709579468	0.04656638205051422
phase2fw_vs_fx100wm	379	50	47	47	0	94.0	94.0	0.015897216275334358	0.0874999612569809
phase2fw_vs_fx100wm	678	50	37	37	0	74.0	74.0	0.015977347269654274	0.11141178756952286
phase2fw_vs_fx100wm	820	50	50	50	0	100.0	100.0	0.01607881486415863	0.08853790163993835
phase2fw_vs_fx100wm	697	50	36	36	0	72.0	72.0	0.016084134578704834	0.0840008482336998
phase2fw_vs_fx100wm	643	50	36	36	0	72.0	72.0	0.01631614752113819	0.05503184348344803
phase2fw_vs_fx100wm	840	50	45	45	0	90.0	90.0	0.016596872359514236	0.08781251311302185
phase2fw_vs_fx100wm	491	50	50	50	0	100.0	100.0	0.01665288209915161	0.10025575757026672
phase2fw_vs_fx100wm	822	50	49	49	0	98.0	98.0	0.0167477298527956	0.09396781027317047
phase2fw_vs_fx100wm	256	50	47	47	0	94.0	94.0	0.017214607447385788	0.08221912384033203
phase2fw_vs_fx100wm	674	50	47	47	0	94.0	94.0	0.017372122034430504	0.13750320672988892
phase2fw_vs_fx100wm	665	50	38	38	0	76.0	76.0	0.017665354534983635	0.044091109186410904
phase2fw_vs_fx100wm	792	50	34	34	0	68.0	68.0	0.017670463770627975	0.11205483227968216
phase2fw_vs_fx100wm	394	50	41	41	0	82.0	82.0	0.01772915944457054	0.07958659529685974
phase2fw_vs_fx100wm	731	50	33	33	0	66.0	66.0	0.017732778564095497	0.12286791950464249
phase2fw_vs_fx100wm	899	50	21	21	0	42.0	42.0	0.01794254593551159	0.04607909172773361
phase2fw_vs_fx100wm	913	50	48	48	0	96.0	96.0	0.018022382631897926	0.10343752056360245
phase2fw_vs_fx100wm	424	50	36	36	0	72.0	72.0	0.018237950280308723	0.08296066522598267
phase2fw_vs_fx100wm	615	50	41	41	0	82.0	82.0	0.01859045960009098	0.11272260546684265
phase2fw_vs_fx100wm	517	50	42	42	0	84.0	84.0	0.01876581646502018	0.09281249344348907
phase2fw_vs_fx100wm	439	50	48	48	0	96.0	96.0	0.018811995163559914	0.11053722351789474
phase2fw_vs_fx100wm	653	50	37	37	0	74.0	74.0	0.01924159564077854	0.09559275954961777
phase2fw_vs_fx100wm	223	50	45	45	0	90.0	90.0	0.01950099691748619	0.12717218697071075
phase2fw_vs_fx100wm	898	50	33	33	0	66.0	66.0	0.021013181656599045	0.08727724105119705
phase2fw_vs_fx100wm	456	50	43	43	0	86.0	86.0	0.021056415513157845	0.17492350935935974
phase2fw_vs_fx100wm	861	50	37	37	0	74.0	74.0	0.021268069744110107	0.11239074915647507
phase2fw_vs_fx100wm	473	50	39	39	0	78.0	78.0	0.026325823739171028	0.2369147092103958
phase2fw_vs_fx100wm	506	50	35	36	1	70.0	72.0	-0.0023409519344568253	0.0015219402266666293
phase2fw_vs_fx100wm	848	50	20	21	1	40.0	42.0	-0.0016710651107132435	0.01771637052297592
phase2fw_vs_fx100wm	673	50	22	23	1	44.0	46.0	-0.0015555360587313771	0.005050392355769873
phase2fw_vs_fx100wm	520	50	39	40	1	78.0	80.0	0.0012189563130959868	0.022436533123254776
phase2fw_vs_fx100wm	488	50	18	19	1	36.0	38.0	0.001788051100447774	0.030132122337818146
phase2fw_vs_fx100wm	921	50	33	34	1	66.0	68.0	0.002055339515209198	0.040636710822582245
phase2fw_vs_fx100wm	818	50	21	22	1	42.0	44.0	0.0022079898044466972	0.055297013372182846
phase2fw_vs_fx100wm	810	50	20	21	1	40.0	42.0	0.0022440501488745213	0.008987665176391602
phase2fw_vs_fx100wm	912	50	38	39	1	76.0	78.0	0.0025607473216950893	-0.008274908177554607
phase2fw_vs_fx100wm	641	50	45	46	1	90.0	92.0	0.0026961290277540684	-0.007725581992417574
phase2fw_vs_fx100wm	415	50	24	25	1	48.0	50.0	0.0028243539854884148	0.011595945805311203
phase2fw_vs_fx100wm	689	50	18	19	1	36.0	38.0	0.002880080370232463	-0.007150011137127876
phase2fw_vs_fx100wm	509	50	26	27	1	52.0	54.0	0.0028877982404083014	0.013509540818631649
phase2fw_vs_fx100wm	629	50	41	42	1	82.0	84.0	0.003027091734111309	0.04457405209541321
phase2fw_vs_fx100wm	809	50	30	31	1	60.0	62.0	0.004045375157147646	-0.004787578713148832
phase2fw_vs_fx100wm	735	50	33	34	1	66.0	68.0	0.004231929313391447	0.03716336190700531
phase2fw_vs_fx100wm	478	50	28	29	1	56.0	58.0	0.004310861695557833	0.01935596391558647
phase2fw_vs_fx100wm	558	50	22	23	1	44.0	46.0	0.004431108478456736	0.035373393446207047
phase2fw_vs_fx100wm	446	50	33	34	1	66.0	68.0	0.004574262071400881	0.03438476473093033
phase2fw_vs_fx100wm	345	50	32	33	1	64.0	66.0	0.004713256843388081	0.013530978932976723
phase2fw_vs_fx100wm	931	50	33	34	1	66.0	68.0	0.00512351281940937	0.010348891839385033
phase2fw_vs_fx100wm	479	50	23	24	1	46.0	48.0	0.005401519127190113	0.01016643550246954
phase2fw_vs_fx100wm	999	50	25	26	1	50.0	52.0	0.005502588115632534	0.04275493696331978
phase2fw_vs_fx100wm	196	50	35	36	1	70.0	72.0	0.0060432725585997105	0.014107856899499893
phase2fw_vs_fx100wm	542	50	38	39	1	76.0	78.0	0.006149388384073973	0.03251691907644272
phase2fw_vs_fx100wm	429	50	41	42	1	82.0	84.0	0.006178939249366522	0.03989057615399361
phase2fw_vs_fx100wm	325	50	48	49	1	96.0	98.0	0.006189362611621618	0.04834386706352234
phase2fw_vs_fx100wm	978	50	21	22	1	42.0	44.0	0.006219127215445042	0.030880184844136238
phase2fw_vs_fx100wm	480	50	40	41	1	80.0	82.0	0.006573159247636795	0.01782544143497944
phase2fw_vs_fx100wm	746	50	47	48	1	94.0	96.0	0.007003917824476957	0.0484643280506134
phase2fw_vs_fx100wm	352	50	42	43	1	84.0	86.0	0.007055271882563829	0.020108699798583984
phase2fw_vs_fx100wm	68	50	17	18	1	34.0	36.0	0.007235250901430845	0.0009614849113859236
phase2fw_vs_fx100wm	785	50	45	46	1	90.0	92.0	0.007397783920168877	0.05930214002728462
phase2fw_vs_fx100wm	267	50	42	43	1	84.0	86.0	0.007403945550322533	0.03301336243748665
phase2fw_vs_fx100wm	965	50	44	45	1	88.0	90.0	0.0074648684822022915	0.07036612182855606
phase2fw_vs_fx100wm	211	50	42	43	1	84.0	86.0	0.007575999014079571	0.0217245202511549
phase2fw_vs_fx100wm	128	50	43	44	1	86.0	88.0	0.007630284875631332	0.03379859775304794
phase2fw_vs_fx100wm	120	50	36	37	1	72.0	74.0	0.007745007053017616	0.032988451421260834
phase2fw_vs_fx100wm	359	50	37	38	1	74.0	76.0	0.007825921289622784	0.004504337441176176
phase2fw_vs_fx100wm	955	50	49	50	1	98.0	100.0	0.007902690209448338	0.06079942733049393
phase2fw_vs_fx100wm	730	50	40	41	1	80.0	82.0	0.007970155216753483	0.026523226872086525
phase2fw_vs_fx100wm	893	50	37	38	1	74.0	76.0	0.008055441081523895	0.04941001906991005
phase2fw_vs_fx100wm	675	50	27	28	1	54.0	56.0	0.00815577432513237	0.0036959743592888117
phase2fw_vs_fx100wm	322	50	46	47	1	92.0	94.0	0.008298064582049847	0.060571976006031036
phase2fw_vs_fx100wm	234	50	46	47	1	92.0	94.0	0.008531258441507816	0.06035757064819336
phase2fw_vs_fx100wm	168	50	43	44	1	86.0	88.0	0.008593634702265263	0.04531431198120117
phase2fw_vs_fx100wm	894	50	40	41	1	80.0	82.0	0.0087925735861063	0.05413933843374252
phase2fw_vs_fx100wm	495	50	45	46	1	90.0	92.0	0.008806267753243446	0.035117700695991516
phase2fw_vs_fx100wm	26	50	32	33	1	64.0	66.0	0.008844747208058834	0.02748126909136772
phase2fw_vs_fx100wm	748	50	27	28	1	54.0	56.0	0.008888253010809422	0.039656780660152435
phase2fw_vs_fx100wm	712	50	39	40	1	78.0	80.0	0.008907071314752102	0.04208649694919586
phase2fw_vs_fx100wm	883	50	27	28	1	54.0	56.0	0.009020444937050343	0.054099950939416885
phase2fw_vs_fx100wm	419	50	43	44	1	86.0	88.0	0.009176619350910187	0.09477061033248901
phase2fw_vs_fx100wm	374	50	40	41	1	80.0	82.0	0.00921706948429346	0.05021610110998154
phase2fw_vs_fx100wm	315	50	44	45	1	88.0	90.0	0.009344726800918579	0.04387792572379112
phase2fw_vs_fx100wm	397	50	46	47	1	92.0	94.0	0.009447597898542881	0.06890705227851868
phase2fw_vs_fx100wm	101	50	38	39	1	76.0	78.0	0.009593570604920387	0.00935380905866623
phase2fw_vs_fx100wm	161	50	42	43	1	84.0	86.0	0.009667400270700455	0.0436248779296875
phase2fw_vs_fx100wm	207	50	42	43	1	84.0	86.0	0.010131730698049068	0.052544593811035156
phase2fw_vs_fx100wm	600	50	20	21	1	40.0	42.0	0.010200339369475842	0.07531296461820602
phase2fw_vs_fx100wm	224	50	38	39	1	76.0	78.0	0.010239552706480026	0.035724952816963196
phase2fw_vs_fx100wm	546	50	38	39	1	76.0	78.0	0.010562521405518055	0.053343888372182846
phase2fw_vs_fx100wm	853	50	46	47	1	92.0	94.0	0.010735029354691505	0.04781406372785568
phase2fw_vs_fx100wm	729	50	31	32	1	62.0	64.0	0.010902661830186844	0.04713667929172516
phase2fw_vs_fx100wm	440	50	42	43	1	84.0	86.0	0.011082654818892479	0.021210575476288795
phase2fw_vs_fx100wm	791	50	39	40	1	78.0	80.0	0.011978823691606522	0.04224985092878342
phase2fw_vs_fx100wm	514	50	39	40	1	78.0	80.0	0.012093823403120041	0.10052663832902908
phase2fw_vs_fx100wm	657	50	21	22	1	42.0	44.0	0.012188429944217205	0.0199822336435318
phase2fw_vs_fx100wm	250	50	39	40	1	78.0	80.0	0.013567120768129826	0.0349898636341095
phase2fw_vs_fx100wm	521	50	43	44	1	86.0	88.0	0.0136406309902668	0.04864583909511566
phase2fw_vs_fx100wm	559	50	42	43	1	84.0	86.0	0.014352892525494099	0.07663556933403015
phase2fw_vs_fx100wm	897	50	44	45	1	88.0	90.0	0.015760254114866257	0.09119477868080139
phase2fw_vs_fx100wm	691	50	30	31	1	60.0	62.0	0.01669893227517605	0.06861495971679688
phase2fw_vs_fx100wm	192	50	42	43	1	84.0	86.0	0.019004298374056816	0.10414199531078339
phase2fw_vs_fx100wm	801	50	47	48	1	94.0	96.0	0.021036086603999138	0.1427842378616333
phase2fw_vs_fx100wm	428	50	41	42	1	82.0	84.0	0.023552875965833664	0.13961929082870483
phase2fw_vs_fx100wm	830	50	37	38	1	74.0	76.0	0.030570795759558678	0.17543858289718628
phase2fw_vs_fx100wm	435	50	26	28	2	52.0	56.0	0.0037916703149676323	0.004472122061997652
phase2fw_vs_fx100wm	909	50	29	31	2	58.0	62.0	0.006923758890479803	-0.0017156791873276234
phase2fw_vs_fx100wm	30	50	40	42	2	80.0	84.0	0.008881781250238419	0.06945064663887024
phase2fw_vs_fx100wm	658	50	34	36	2	68.0	72.0	0.009441153146326542	0.06421095877885818
phase2fw_vs_fx100wm	465	50	28	30	2	56.0	60.0	0.012056670151650906	0.05433538556098938
phase2fw_vs_fx100wm	413	50	34	36	2	68.0	72.0	0.015848539769649506	0.02083701081573963
