pair	sample_index	target	direction	ref_pred	cmp_pred	ref_conf	cmp_conf	ref_true_prob	cmp_true_prob	true_prob_delta	ref_margin	cmp_margin
full250_vs_attn250	3524	761	improved	589	761	0.44699907302856445	0.5834551453590393	0.3745099902153015	0.5834551453590393	0.2089451551437378	0.17693805694580078	0.6980619430541992
full250_vs_attn250	22897	772	improved	600	772	0.36301785707473755	0.5368916988372803	0.3381369411945343	0.5368916988372803	0.19875475764274597	0.07100105285644531	0.9602489471435547
full250_vs_attn250	26002	206	regressed	206	197	0.5153768658638	0.44937166571617126	0.5153768658638	0.32849013805389404	-0.186886727809906	0.7491564750671387	0.31334352493286133
full250_vs_attn250	20535	747	improved	882	747	0.27810078859329224	0.3967265784740448	0.21182876825332642	0.3967265784740448	0.18489781022071838	0.2722053527832031	1.0090446472167969
full250_vs_attn250	3182	370	regressed	370	372	0.5624307990074158	0.3804642856121063	0.5624307990074158	0.3782687485218048	-0.18416205048561096	0.9317126274108887	0.005787372589111328
full250_vs_attn250	42791	848	improved	732	848	0.31836116313934326	0.4010550081729889	0.22123083472251892	0.4010550081729889	0.17982417345046997	0.3639798164367676	1.0735201835632324
full250_vs_attn250	24515	390	regressed	390	391	0.43145155906677246	0.5139674544334412	0.43145155906677246	0.25186318159103394	-0.17958837747573853	0.2867259979248047	0.7132740020751953
full250_vs_attn250	46109	412	improved	362	412	0.5787995457649231	0.4238772392272949	0.2530078887939453	0.4238772392272949	0.1708693504333496	0.8275356292724609	0.10996437072753906
full250_vs_attn250	37351	757	regressed	757	812	0.31273674964904785	0.23999004065990448	0.31273674964904785	0.14388900995254517	-0.16884773969650269	1.0196948051452637	0.5115551948547363
full250_vs_attn250	6129	851	improved	651	851	0.433475136756897	0.4430195987224579	0.27668607234954834	0.4430195987224579	0.16633352637290955	0.44895076751708984	0.48854923248291016
full250_vs_attn250	37880	859	regressed	859	742	0.5060553550720215	0.39641883969306946	0.5060553550720215	0.3406994342803955	-0.16535592079162598	0.5360298156738281	0.15147066116333008
full250_vs_attn250	46449	134	regressed	134	136	0.40147799253463745	0.39189305901527405	0.40147799253463745	0.23767465353012085	-0.1638033390045166	0.49991369247436523	0.5000863075256348
full250_vs_attn250	12	712	improved	622	712	0.432098925113678	0.5021502375602722	0.3383790850639343	0.5021502375602722	0.1637711524963379	0.24448776245117188	0.4430122375488281
full250_vs_attn250	9928	94	improved	12	94	0.30185407400131226	0.4644544720649719	0.3008660078048706	0.4644544720649719	0.16358846426010132	0.0032787322998046875	0.9967212677001953
full250_vs_attn250	32554	79	regressed	79	308	0.42334628105163574	0.5285942554473877	0.42334628105163574	0.2638859748840332	-0.15946030616760254	0.1490459442138672	0.6947040557861328
full250_vs_attn250	35098	209	improved	225	209	0.5859516263008118	0.42121097445487976	0.26360759139060974	0.42121097445487976	0.15760338306427002	0.7987756729125977	0.044974327087402344
full250_vs_attn250	15747	864	improved	468	864	0.47557777166366577	0.4443250298500061	0.2869853377342224	0.4443250298500061	0.1573396921157837	0.5050992965698242	0.24490070343017578
full250_vs_attn250	9001	921	improved	922	921	0.4489856958389282	0.4937435984611511	0.33809787034988403	0.4937435984611511	0.1556457281112671	0.28365564346313477	0.46634387969970703
full250_vs_attn250	45105	802	regressed	802	701	0.3622165620326996	0.3344604969024658	0.3622165620326996	0.20659595727920532	-0.15562060475349426	0.2994961738586426	0.4817538261413574
full250_vs_attn250	36251	889	improved	486	889	0.3931039869785309	0.3557383716106415	0.20278513431549072	0.3557383716106415	0.15295323729515076	0.5770645141601562	0.1505727767944336
full250_vs_attn250	34426	822	regressed	822	836	0.3073180615901947	0.29590368270874023	0.3073180615901947	0.16026552021503448	-0.14705254137516022	0.4180479049682617	0.6132020950317383
full250_vs_attn250	7516	945	improved	949	945	0.351041316986084	0.39508795738220215	0.25079143047332764	0.39508795738220215	0.1442965269088745	0.33628225326538086	0.47621774673461914
full250_vs_attn250	41006	845	improved	929	845	0.5522100925445557	0.49426060914993286	0.3519741892814636	0.49426060914993286	0.14228641986846924	0.45037078857421875	0.17462921142578125
full250_vs_attn250	33402	199	improved	219	199	0.34038612246513367	0.40917375683784485	0.2693571150302887	0.40917375683784485	0.13981664180755615	0.23404264450073242	0.5472068786621094
full250_vs_attn250	23560	717	regressed	717	864	0.4107360541820526	0.3757461607456207	0.4107360541820526	0.2723890244960785	-0.13834702968597412	0.3970675468444824	0.3216824531555176
full250_vs_attn250	35874	709	regressed	709	893	0.3416372835636139	0.3914062976837158	0.3416372835636139	0.20334367454051971	-0.13829360902309418	0.15765142440795898	0.654848575592041
full250_vs_attn250	36502	188	regressed	188	155	0.3952299952507019	0.4581315219402313	0.3952299952507019	0.25773632526397705	-0.13749366998672485	0.11228084564208984	0.5752191543579102
full250_vs_attn250	37802	308	regressed	308	312	0.23099540174007416	0.22005921602249146	0.23099540174007416	0.09473961591720581	-0.13625578582286835	0.5634856224060059	0.7458767890930176
full250_vs_attn250	8863	633	improved	513	633	0.45175278186798096	0.361400306224823	0.22517824172973633	0.361400306224823	0.13622206449508667	0.6962428092956543	0.1475071907043457
full250_vs_attn250	31142	455	improved	116	455	0.39850422739982605	0.43822306394577026	0.30358728766441345	0.43822306394577026	0.1346357762813568	0.2720489501953125	0.3842010498046875
full250_vs_attn250	32391	802	improved	803	802	0.44420138001441956	0.40241187810897827	0.2690081298351288	0.40241187810897827	0.1334037482738495	0.5015363693237305	0.27971363067626953
full250_vs_attn250	6525	909	regressed	909	582	0.38644328713417053	0.40532055497169495	0.38644328713417053	0.2531045079231262	-0.1333387792110443	0.34162425994873047	0.47087574005126953
full250_vs_attn250	49608	914	regressed	914	484	0.40376126766204834	0.36574816703796387	0.40376126766204834	0.2724633812904358	-0.13129788637161255	0.26805877685546875	0.29444074630737305
full250_vs_attn250	46030	78	improved	75	78	0.20428058505058289	0.20958098769187927	0.07995040714740753	0.20958098769187927	0.12963058054447174	0.15726661682128906	0.34551095962524414
full250_vs_attn250	11220	892	regressed	892	448	0.5927979350090027	0.4692891836166382	0.5927979350090027	0.4636068642139435	-0.1291910707950592	0.5503177642822266	0.012182235717773438
full250_vs_attn250	34591	732	regressed	732	759	0.27995890378952026	0.19436612725257874	0.27995890378952026	0.1510903239250183	-0.12886857986450195	0.43563413619995117	0.25186586380004883
full250_vs_attn250	34945	178	improved	209	178	0.534267783164978	0.4305480122566223	0.3023640513420105	0.4305480122566223	0.12818396091461182	0.5692653656005859	0.05573463439941406
full250_vs_attn250	35080	254	improved	245	254	0.4938984811306	0.41101306676864624	0.2829873859882355	0.41101306676864624	0.12802568078041077	0.5569276809692383	0.16182231903076172
full250_vs_attn250	2697	639	improved	515	639	0.197400763630867	0.31356287002563477	0.1855591982603073	0.31356287002563477	0.12800367176532745	0.06186199188232422	1.0493888854980469
full250_vs_attn250	24181	467	regressed	467	778	0.48206827044487	0.39188724756240845	0.48206827044487	0.35473549365997314	-0.12733277678489685	0.5253982543945312	0.09960174560546875
full250_vs_attn250	2302	3	regressed	3	4	0.4790195822715759	0.5090153217315674	0.4790195822715759	0.3518718183040619	-0.12714776396751404	0.19328880310058594	0.36921119689941406
full250_vs_attn250	21129	831	improved	721	831	0.5625134110450745	0.5040768980979919	0.3769538104534149	0.5040768980979919	0.12712308764457703	0.40029239654541016	0.16220760345458984
full250_vs_attn250	40807	811	regressed	811	753	0.48859965801239014	0.5051526427268982	0.48859965801239014	0.3634919822216034	-0.12510767579078674	0.2021465301513672	0.3291034698486328
full250_vs_attn250	5394	288	improved	290	288	0.42774373292922974	0.3924243748188019	0.26996657252311707	0.3924243748188019	0.12245780229568481	0.46022605895996094	0.28977394104003906
full250_vs_attn250	17405	260	improved	257	260	0.3479023575782776	0.45273786783218384	0.33136850595474243	0.45273786783218384	0.1213693618774414	0.0486907958984375	0.6700592041015625
full250_vs_attn250	7343	200	regressed	200	226	0.47330644726753235	0.3716272711753845	0.47330644726753235	0.35253918170928955	-0.1207672655582428	0.541020393371582	0.05272960662841797
full250_vs_attn250	30364	784	improved	783	784	0.44620123505592346	0.5314083099365234	0.4107937216758728	0.5314083099365234	0.12061458826065063	0.08267879486083984	0.41732120513916016
full250_vs_attn250	7532	101	regressed	101	385	0.5332620739936829	0.4505807161331177	0.5332620739936829	0.41391679644584656	-0.1193452775478363	0.4151277542114258	0.08487224578857422
full250_vs_attn250	26104	149	regressed	149	6	0.3602118492126465	0.4079517722129822	0.3602118492126465	0.24195007979869843	-0.11826176941394806	0.19633245468139648	0.5224175453186035
full250_vs_attn250	39897	337	improved	336	337	0.4499760866165161	0.5524349808692932	0.43602198362350464	0.5524349808692932	0.11641299724578857	0.03150177001953125	0.46849822998046875
full250_vs_attn250	35698	498	improved	867	498	0.34867364168167114	0.2749841511249542	0.15882664918899536	0.2749841511249542	0.11615750193595886	0.786323070526123	0.24492692947387695
full250_vs_attn250	16298	236	regressed	236	234	0.4723966419696808	0.49011051654815674	0.4723966419696808	0.3569018244743347	-0.11549481749534607	0.2453298568725586	0.3171701431274414
full250_vs_attn250	575	733	regressed	733	561	0.39535054564476013	0.4133969247341156	0.39535054564476013	0.28181731700897217	-0.11353322863578796	0.3981003761291504	0.3831491470336914
full250_vs_attn250	5050	812	regressed	812	657	0.44276902079582214	0.3398929834365845	0.44276902079582214	0.3308057188987732	-0.11196330189704895	0.4729008674621582	0.027099609375
full250_vs_attn250	45931	749	improved	696	749	0.26215308904647827	0.26897814869880676	0.15729005634784698	0.26897814869880676	0.11168809235095978	0.5108370780944824	0.3954129219055176
full250_vs_attn250	21086	877	improved	421	877	0.3663081228733063	0.3270653486251831	0.21593689918518066	0.3270653486251831	0.11112844944000244	0.5284886360168457	0.0652613639831543
full250_vs_attn250	32848	492	improved	921	492	0.25453534722328186	0.26212427020072937	0.15121686458587646	0.26212427020072937	0.1109074056148529	0.5207247734069824	0.3230252265930176
full250_vs_attn250	45379	593	improved	650	593	0.397929310798645	0.392250657081604	0.28256529569625854	0.392250657081604	0.10968536138534546	0.3423647880554199	0.2513852119445801
full250_vs_attn250	10286	755	regressed	755	807	0.4836328625679016	0.5340055823326111	0.4836328625679016	0.3739660978317261	-0.10966676473617554	0.14375877380371094	0.35624122619628906
full250_vs_attn250	45651	741	improved	698	741	0.3089301288127899	0.27786949276924133	0.16920475661754608	0.27786949276924133	0.10866473615169525	0.6020054817199707	0.0542445182800293
full250_vs_attn250	44083	445	regressed	445	836	0.3283653259277344	0.4670129418373108	0.3283653259277344	0.21979700028896332	-0.10856832563877106	0.18384790420532227	0.7536525726318359
full250_vs_attn250	15701	440	regressed	440	737	0.5080622434616089	0.4255293309688568	0.5080622434616089	0.399851530790329	-0.10821071267127991	0.5002593994140625	0.0622406005859375
full250_vs_attn250	45465	324	improved	325	324	0.47229111194610596	0.4314984977245331	0.32385140657424927	0.4314984977245331	0.10764709115028381	0.37731075286865234	0.18518924713134766
full250_vs_attn250	19078	521	regressed	521	965	0.39308807253837585	0.38210007548332214	0.39308807253837585	0.28579816222190857	-0.10728991031646729	0.30335330963134766	0.29039669036865234
full250_vs_attn250	49059	644	improved	722	644	0.19987493753433228	0.2643120288848877	0.15724432468414307	0.2643120288848877	0.10706770420074463	0.23989105224609375	0.35385894775390625
full250_vs_attn250	10985	507	improved	681	507	0.2204308956861496	0.25073838233947754	0.14421449601650238	0.25073838233947754	0.10652388632297516	0.4242825508117676	0.4507174491882324
full250_vs_attn250	19779	698	improved	663	698	0.4965682625770569	0.4365876019001007	0.3312583565711975	0.4365876019001007	0.1053292453289032	0.40482234954833984	0.09517765045166016
full250_vs_attn250	30664	953	regressed	953	706	0.2440454661846161	0.2853051722049713	0.2440454661846161	0.13886290788650513	-0.10518255829811096	0.029927730560302734	0.7200722694396973
full250_vs_attn250	25384	672	improved	797	672	0.5469989776611328	0.4583461880683899	0.3537846505641937	0.4583461880683899	0.10456153750419617	0.4357585906982422	0.0017414093017578125
full250_vs_attn250	6587	115	regressed	115	973	0.2683982849121094	0.2484927922487259	0.2683982849121094	0.16397976875305176	-0.10441851615905762	0.11557912826538086	0.41567087173461914
full250_vs_attn250	33454	236	improved	238	236	0.36316099762916565	0.45692089200019836	0.35358986258506775	0.45692089200019836	0.10333102941513062	0.026708602905273438	0.5670413970947266
full250_vs_attn250	47561	768	improved	752	768	0.15672723948955536	0.24084703624248505	0.13779062032699585	0.24084703624248505	0.1030564159154892	0.12877178192138672	0.8399782180786133
full250_vs_attn250	43401	860	improved	424	860	0.37610238790512085	0.36378735303878784	0.2607516646385193	0.36378735303878784	0.10303568840026855	0.36629295349121094	0.32120704650878906
full250_vs_attn250	48582	110	improved	115	110	0.5027233362197876	0.486971378326416	0.3846449553966522	0.486971378326416	0.1023264229297638	0.2677192687988281	0.23228073120117188
full250_vs_attn250	42302	813	improved	567	813	0.45527610182762146	0.43859535455703735	0.3363802433013916	0.43859535455703735	0.10221511125564575	0.3026618957519531	0.13483810424804688
full250_vs_attn250	23713	185	regressed	185	226	0.34941357374191284	0.3898466229438782	0.34941357374191284	0.2478870153427124	-0.10152655839920044	0.23471975326538086	0.45278024673461914
full250_vs_attn250	9272	935	improved	928	935	0.438595712184906	0.5322619080543518	0.430756151676178	0.5322619080543518	0.10150575637817383	0.018035888671875	0.419464111328125
full250_vs_attn250	27171	740	improved	918	740	0.1944427341222763	0.2852940857410431	0.18458981812000275	0.2852940857410431	0.10070426762104034	0.0520014762878418	0.6667485237121582
full250_vs_attn250	46260	348	regressed	348	825	0.47393983602523804	0.5345741510391235	0.47393983602523804	0.3738643527030945	-0.10007548332214355	0.07992267608642578	0.3575773239135742
full250_vs_attn250	5548	834	improved	655	834	0.4075790345668793	0.3406088650226593	0.24109210073947906	0.3406088650226593	0.09951676428318024	0.5250558853149414	0.1311941146850586
full250_vs_attn250	49245	711	regressed	711	966	0.391018807888031	0.36761364340782166	0.391018807888031	0.2921414375305176	-0.09887737035751343	0.3327054977416992	0.22979450225830078
full250_vs_attn250	32343	262	improved	237	262	0.2758602797985077	0.32378464937210083	0.22636057436466217	0.32378464937210083	0.09742407500743866	0.19776535034179688	0.5209846496582031
full250_vs_attn250	41479	666	improved	502	666	0.44319021701812744	0.4640909433364868	0.36721161007881165	0.4640909433364868	0.09687933325767517	0.18806076049804688	0.3119392395019531
full250_vs_attn250	2097	959	improved	923	959	0.27111461758613586	0.34471064805984497	0.24829335510730743	0.34471064805984497	0.09641729295253754	0.08793067932128906	0.5995693206787109
full250_vs_attn250	16598	977	regressed	977	484	0.3659988045692444	0.2943238317966461	0.3659988045692444	0.2698011100292206	-0.0961976945400238	0.25675439834594727	0.08699560165405273
full250_vs_attn250	13888	618	improved	910	618	0.3851725161075592	0.35770201683044434	0.2624948024749756	0.35770201683044434	0.09520721435546875	0.38346004486083984	0.11653995513916016
full250_vs_attn250	25726	155	improved	200	155	0.45685216784477234	0.5485414266586304	0.45334750413894653	0.5485414266586304	0.09519392251968384	0.007700920104980469	0.42979907989501953
full250_vs_attn250	42163	33	improved	34	33	0.4697209894657135	0.475104957818985	0.38005223870277405	0.475104957818985	0.09505271911621094	0.21183013916015625	0.22566986083984375
full250_vs_attn250	14480	21	regressed	21	18	0.3347359597682953	0.2820735275745392	0.3347359597682953	0.2398047000169754	-0.09493125975131989	0.40015697479248047	0.16234302520751953
full250_vs_attn250	44635	721	improved	741	721	0.35014015436172485	0.33597829937934875	0.24108102917671204	0.33597829937934875	0.09489727020263672	0.3732004165649414	0.0017995834350585938
full250_vs_attn250	8487	969	improved	784	969	0.11229710280895233	0.16279076039791107	0.06816908717155457	0.16279076039791107	0.0946216732263565	0.4939541816711426	0.9322972297668457
full250_vs_attn250	34801	175	regressed	175	184	0.27091988921165466	0.19328707456588745	0.27091988921165466	0.17664963006973267	-0.094270259141922	0.4099917411804199	0.09000825881958008
full250_vs_attn250	41767	654	regressed	654	705	0.4364027976989746	0.36839941143989563	0.4364027976989746	0.3422835171222687	-0.09411928057670593	0.5514712333679199	0.07352828979492188
full250_vs_attn250	48120	931	improved	932	931	0.3740866482257843	0.33480170369148254	0.24197229743003845	0.33480170369148254	0.09282940626144409	0.43566417694091797	0.12683582305908203
full250_vs_attn250	31308	676	regressed	676	162	0.3652710020542145	0.3107104003429413	0.3652710020542145	0.272931843996048	-0.0923391580581665	0.4016108512878418	0.1296391487121582
full250_vs_attn250	4970	287	regressed	287	356	0.3416740596294403	0.36165744066238403	0.3416740596294403	0.24955515563488007	-0.09211890399456024	0.2539825439453125	0.3710174560546875
full250_vs_attn250	36295	155	regressed	155	204	0.4277893900871277	0.4585531949996948	0.4277893900871277	0.33575353026390076	-0.09203585982322693	0.06330108642578125	0.31169891357421875
full250_vs_attn250	15843	711	regressed	711	446	0.41051384806632996	0.35764169692993164	0.41051384806632996	0.318893164396286	-0.09162068367004395	0.5103240013122559	0.11467552185058594
full250_vs_attn250	47603	110	improved	52	110	0.332442045211792	0.3778792917728424	0.2863522469997406	0.3778792917728424	0.0915270447731018	0.14924287796020508	0.4132571220397949
full250_vs_attn250	46497	132	regressed	132	975	0.40937256813049316	0.35843634605407715	0.40937256813049316	0.3179338276386261	-0.09143874049186707	0.5363421440124512	0.11990785598754883
full250_vs_attn250	31451	35	improved	316	35	0.2756785452365875	0.18311934173107147	0.09176979959011078	0.18311934173107147	0.0913495421409607	0.967564582824707	0.08636236190795898
full250_vs_attn250	43606	374	regressed	374	371	0.36139243841171265	0.36732766032218933	0.36139243841171265	0.2704116702079773	-0.09098076820373535	0.13119125366210938	0.3063087463378906
full250_vs_attn250	16247	21	improved	912	21	0.35693931579589844	0.32426759600639343	0.23345047235488892	0.32426759600639343	0.09081712365150452	0.42459583282470703	0.04415416717529297
full250_vs_attn250	5010	228	regressed	228	202	0.3976450264453888	0.4258703291416168	0.3976450264453888	0.3070436418056488	-0.09060138463973999	0.17285490036010742	0.3271450996398926
full250_vs_attn250	46112	489	improved	858	489	0.4772273004055023	0.4701216518878937	0.3795372545719147	0.4701216518878937	0.090584397315979	0.22904014587402344	0.27095985412597656
full250_vs_attn250	46609	966	improved	921	966	0.24186360836029053	0.3250519633293152	0.23530565202236176	0.3250519633293152	0.08974631130695343	0.02748870849609375	0.12692499160766602
full250_vs_attn250	2255	831	improved	598	831	0.30293431878089905	0.24335049092769623	0.1542191505432129	0.24335049092769623	0.08913134038448334	0.6751413345336914	0.043608665466308594
full250_vs_attn250	2440	128	regressed	128	136	0.34523048996925354	0.26758089661598206	0.34523048996925354	0.2564363479614258	-0.08879414200782776	0.36370849609375	0.04254150390625
full250_vs_attn250	15958	336	improved	295	336	0.1909542828798294	0.23291172087192535	0.1443391889333725	0.23291172087192535	0.08857253193855286	0.27986812591552734	0.5951318740844727
full250_vs_attn250	37577	176	improved	159	176	0.3134985864162445	0.364009290933609	0.27595165371894836	0.364009290933609	0.08805763721466064	0.12756919860839844	0.34118080139160156
full250_vs_attn250	23820	222	improved	257	222	0.49390262365341187	0.4639214873313904	0.3764999508857727	0.4639214873313904	0.08742153644561768	0.2714204788208008	0.10357952117919922
full250_vs_attn250	11124	452	regressed	452	463	0.38753241300582886	0.36852118372917175	0.38753241300582886	0.30033639073371887	-0.08719602227210999	0.10790443420410156	0.20459508895874023
full250_vs_attn250	47960	648	regressed	648	760	0.38483038544654846	0.3402078449726105	0.38483038544654846	0.2980203926563263	-0.08680999279022217	0.27385520935058594	0.13239479064941406
full250_vs_attn250	27499	943	improved	939	943	0.2987827658653259	0.3638134002685547	0.2772968113422394	0.3638134002685547	0.08651658892631531	0.07462835311889648	0.3941216468811035
full250_vs_attn250	38872	550	improved	653	550	0.31719568371772766	0.3054738938808441	0.21907846629619598	0.3054738938808441	0.08639542758464813	0.370089054107666	0.16116094589233398
full250_vs_attn250	8566	165	regressed	165	237	0.39024877548217773	0.3586733341217041	0.39024877548217773	0.3041422665119171	-0.08610650897026062	0.3663334846496582	0.1649165153503418
full250_vs_attn250	15967	975	improved	703	975	0.5090115070343018	0.5381295084953308	0.4521365165710449	0.5381295084953308	0.08599299192428589	0.11848640441894531	0.2565135955810547
full250_vs_attn250	10988	124	improved	125	124	0.28873154520988464	0.2978396713733673	0.21185635030269623	0.2978396713733673	0.08598332107067108	0.3095889091491699	0.4404110908508301
full250_vs_attn250	38246	457	regressed	457	697	0.3889358937740326	0.33025068044662476	0.3889358937740326	0.3030189275741577	-0.08591696619987488	0.3826932907104492	0.08605670928955078
full250_vs_attn250	43004	457	improved	798	457	0.15845222771167755	0.18909400701522827	0.10332895815372467	0.18909400701522827	0.0857650488615036	0.42681217193603516	0.1662144660949707
full250_vs_attn250	1317	218	regressed	218	156	0.43390727043151855	0.38816121220588684	0.43390727043151855	0.3487304449081421	-0.08517682552337646	0.33037853240966797	0.10712146759033203
full250_vs_attn250	40516	304	improved	301	304	0.4295807182788849	0.39010682702064514	0.30591487884521484	0.39010682702064514	0.0841919481754303	0.33950281143188477	0.06674718856811523
full250_vs_attn250	24005	845	regressed	845	674	0.2766558527946472	0.21161317825317383	0.2766558527946472	0.19251473248004913	-0.08414112031459808	0.3741626739501953	0.09458732604980469
full250_vs_attn250	49052	969	regressed	969	470	0.324838787317276	0.4211922585964203	0.324838787317276	0.2407114952802658	-0.08412729203701019	0.003009796142578125	0.5594902038574219
full250_vs_attn250	22586	109	regressed	109	6	0.37232705950737	0.4262772798538208	0.37232705950737	0.2882131040096283	-0.0841139554977417	0.07736015319824219	0.3913898468017578
full250_vs_attn250	24248	400	improved	872	400	0.2434690147638321	0.29343655705451965	0.20933109521865845	0.29343655705451965	0.0841054618358612	0.15107250213623047	0.8489274978637695
full250_vs_attn250	13526	537	improved	248	537	0.33635056018829346	0.40820837020874023	0.32437601685523987	0.40820837020874023	0.08383235335350037	0.03625059127807617	0.3387484550476074
full250_vs_attn250	37676	856	regressed	856	866	0.4815537631511688	0.4615432322025299	0.4815537631511688	0.39776134490966797	-0.08379241824150085	0.22627639770507812	0.14872360229492188
full250_vs_attn250	5842	779	improved	874	779	0.28347548842430115	0.23822344839572906	0.15445835888385773	0.23822344839572906	0.08376508951187134	0.607201099395752	0.11154890060424805
full250_vs_attn250	15511	837	improved	523	837	0.29506099224090576	0.30495578050613403	0.2216438353061676	0.30495578050613403	0.08331194519996643	0.28611040115356445	0.49513959884643555
full250_vs_attn250	5872	699	regressed	699	643	0.17944632470607758	0.1865842044353485	0.17944632470607758	0.09628142416477203	-0.08316490054130554	0.1821427345275879	0.6451082229614258
full250_vs_attn250	34868	2	regressed	2	4	0.39660897850990295	0.39895105361938477	0.39660897850990295	0.31389087438583374	-0.08271810412406921	0.3227076530456543	0.2397933006286621
full250_vs_attn250	12385	395	regressed	395	389	0.42303794622421265	0.42377883195877075	0.42303794622421265	0.3405384421348572	-0.08249950408935547	0.15631628036499023	0.21868371963500977
full250_vs_attn250	22011	618	improved	596	618	0.1702481061220169	0.1885233372449875	0.10664834082126617	0.1885233372449875	0.08187499642372131	0.25806236267089844	0.03227996826171875
full250_vs_attn250	47397	293	regressed	293	288	0.48142459988594055	0.42772266268730164	0.48142459988594055	0.3995920717716217	-0.08183252811431885	0.30696916580200195	0.06803083419799805
full250_vs_attn250	8910	735	regressed	735	474	0.3754599392414093	0.3519449532032013	0.3754599392414093	0.2936552166938782	-0.08180472254753113	0.25643157958984375	0.18106842041015625
full250_vs_attn250	46457	509	regressed	509	582	0.42327064275741577	0.39960891008377075	0.42327064275741577	0.34147098660469055	-0.08179965615272522	0.21777629852294922	0.15722370147705078
full250_vs_attn250	16979	175	regressed	175	194	0.39455533027648926	0.33369797468185425	0.39455533027648926	0.3137868344783783	-0.08076849579811096	0.2822275161743164	0.061522483825683594
full250_vs_attn250	35800	81	improved	132	81	0.4350050687789917	0.40353426337242126	0.3228859305381775	0.40353426337242126	0.08064833283424377	0.29805850982666016	0.29569196701049805
full250_vs_attn250	44056	813	improved	909	813	0.1993657648563385	0.26591816544532776	0.18534888327121735	0.26591816544532776	0.08056928217411041	0.07290124893188477	0.6145987510681152
full250_vs_attn250	47588	210	regressed	210	211	0.40026551485061646	0.46342960000038147	0.40026551485061646	0.31985777616500854	-0.08040773868560791	0.004222393035888672	0.37077808380126953
full250_vs_attn250	14725	208	improved	207	208	0.4582284092903137	0.4135684072971344	0.33362269401550293	0.4135684072971344	0.07994571328163147	0.31735706329345703	0.02639293670654297
full250_vs_attn250	30610	211	regressed	211	159	0.46648508310317993	0.47069284319877625	0.46648508310317993	0.38665997982025146	-0.07982510328292847	0.24083995819091797	0.19666004180908203
full250_vs_attn250	48497	233	regressed	233	197	0.2836650311946869	0.33173125982284546	0.2836650311946869	0.20384542644023895	-0.07981960475444794	0.07553672790527344	0.48696327209472656
full250_vs_attn250	43695	228	improved	267	228	0.23414930701255798	0.2890993654727936	0.2104855328798294	0.2890993654727936	0.07861383259296417	0.10654211044311523	0.39345788955688477
full250_vs_attn250	44560	835	improved	908	835	0.44767075777053833	0.3990277051925659	0.320724219083786	0.3990277051925659	0.07830348610877991	0.33347654342651367	0.10402345657348633
full250_vs_attn250	7943	843	regressed	843	489	0.3105814754962921	0.3155975043773651	0.3105814754962921	0.23323678970336914	-0.07734468579292297	0.1350865364074707	0.3024134635925293
full250_vs_attn250	1901	474	regressed	474	735	0.24489860236644745	0.20344041287899017	0.24489860236644745	0.16757676005363464	-0.0773218423128128	0.6185684204101562	0.19393157958984375
full250_vs_attn250	16816	226	improved	197	226	0.2864157259464264	0.3388570547103882	0.2615542411804199	0.3388570547103882	0.07730281352996826	0.09080266952514648	0.3466973304748535
full250_vs_attn250	4187	918	regressed	918	922	0.4338782727718353	0.4744292199611664	0.4338782727718353	0.35664287209510803	-0.0772354006767273	0.08962249755859375	0.28537750244140625
full250_vs_attn250	48216	915	improved	425	915	0.3484202027320862	0.35185757279396057	0.2747502028942108	0.35185757279396057	0.07710736989974976	0.2375469207763672	0.2937030792236328
full250_vs_attn250	16259	385	improved	101	385	0.49098801612854004	0.4676799476146698	0.39103299379348755	0.4676799476146698	0.07664695382118225	0.22762775421142578	0.08487224578857422
full250_vs_attn250	31096	54	regressed	54	63	0.2772303521633148	0.24853184819221497	0.2772303521633148	0.20061758160591125	-0.07661277055740356	0.2858295440673828	0.2141704559326172
full250_vs_attn250	24847	767	regressed	767	418	0.4199141263961792	0.36610448360443115	0.4199141263961792	0.34384334087371826	-0.07607078552246094	0.4060173034667969	0.06273269653320312
full250_vs_attn250	1499	914	regressed	914	780	0.45347750186920166	0.4052157700061798	0.45347750186920166	0.37794041633605957	-0.07553708553314209	0.3053169250488281	0.06968307495117188
full250_vs_attn250	5753	491	regressed	491	898	0.3056413531303406	0.37894609570503235	0.3056413531303406	0.23085832595825195	-0.07478302717208862	0.0356602668762207	0.4955897331237793
full250_vs_attn250	9900	977	regressed	977	978	0.4872525930404663	0.4822568893432617	0.4872525930404663	0.41290828585624695	-0.07434430718421936	0.21974849700927734	0.15525150299072266
full250_vs_attn250	528	266	improved	265	266	0.4792094826698303	0.5352651476860046	0.46116605401039124	0.5352651476860046	0.0740990936756134	0.038379669189453125	0.2741203308105469
full250_vs_attn250	28620	478	regressed	478	792	0.2787092328071594	0.23898707330226898	0.2787092328071594	0.20501722395420074	-0.07369200885295868	0.44043445587158203	0.15331554412841797
full250_vs_attn250	20607	509	regressed	509	860	0.30879706144332886	0.28069502115249634	0.30879706144332886	0.23521456122398376	-0.07358250021934509	0.3544793128967285	0.17677068710327148
full250_vs_attn250	25630	759	regressed	759	732	0.24107365310192108	0.29359784722328186	0.24107365310192108	0.16759942471981049	-0.0734742283821106	0.06436586380004883	0.5606341361999512
full250_vs_attn250	40319	507	improved	827	507	0.32178762555122375	0.31031376123428345	0.23685352504253387	0.31031376123428345	0.07346023619174957	0.30644989013671875	0.16230010986328125
full250_vs_attn250	4304	462	improved	746	462	0.3832191824913025	0.4188809096813202	0.3456648290157318	0.4188809096813202	0.07321608066558838	0.10313749313354492	0.3031125068664551
full250_vs_attn250	14360	344	improved	394	344	0.15134045481681824	0.2141827940940857	0.1416347622871399	0.2141827940940857	0.0725480318069458	0.06628036499023438	0.4337196350097656
full250_vs_attn250	37470	501	regressed	501	452	0.4612948000431061	0.5303705334663391	0.4612948000431061	0.38887131214141846	-0.07242348790168762	0.0021724700927734375	0.31032752990722656
full250_vs_attn250	34944	56	improved	61	56	0.3190343379974365	0.3362998366355896	0.2638852298259735	0.3362998366355896	0.07241460680961609	0.18978452682495117	0.12271547317504883
full250_vs_attn250	12104	78	regressed	78	302	0.4200219213962555	0.35770857334136963	0.4200219213962555	0.34772804379463196	-0.07229387760162354	0.28420209884643555	0.028297901153564453
full250_vs_attn250	23243	614	regressed	614	697	0.4721454381942749	0.43214932084083557	0.4721454381942749	0.39986705780029297	-0.07227838039398193	0.2036113739013672	0.07763910293579102
full250_vs_attn250	32744	674	regressed	674	830	0.12624557316303253	0.13647128641605377	0.12624557316303253	0.05423456430435181	-0.07201100885868073	0.058295249938964844	0.3560910224914551
full250_vs_attn250	12362	492	improved	626	492	0.19426394999027252	0.25536349415779114	0.18352968990802765	0.25536349415779114	0.07183380424976349	0.056841373443603516	0.3181586265563965
full250_vs_attn250	11313	234	regressed	234	236	0.2044679969549179	0.1695396900177002	0.2044679969549179	0.1326557695865631	-0.0718122273683548	0.09842061996459961	0.2453293800354004
full250_vs_attn250	48936	200	improved	204	200	0.48597124218940735	0.43023762106895447	0.3585798740386963	0.43023762106895447	0.07165774703025818	0.3039979934692383	0.07100200653076172
full250_vs_attn250	22014	924	regressed	924	933	0.37496045231819153	0.3085441589355469	0.37496045231819153	0.3034008741378784	-0.07155957818031311	0.6706900596618652	0.016809940338134766
full250_vs_attn250	29603	194	regressed	194	155	0.2333037555217743	0.23396849632263184	0.2333037555217743	0.1617918312549591	-0.07151192426681519	0.3194255828857422	0.18830156326293945
full250_vs_attn250	17805	392	improved	390	392	0.3358851969242096	0.4044179618358612	0.3331766128540039	0.4044179618358612	0.0712413489818573	0.008096694946289062	0.49190330505371094
full250_vs_attn250	30630	230	improved	231	230	0.4996037781238556	0.46199482679367065	0.39129433035850525	0.46199482679367065	0.0707004964351654	0.2443552017211914	0.0681447982788086
full250_vs_attn250	30080	658	regressed	658	810	0.22311656177043915	0.2181800901889801	0.22311656177043915	0.15278299152851105	-0.0703335702419281	0.18745088577270508	0.01250314712524414
full250_vs_attn250	10161	624	regressed	624	454	0.4593693017959595	0.42106080055236816	0.4593693017959595	0.38932695984840393	-0.07004234194755554	0.2966427803039551	0.07835769653320312
full250_vs_attn250	44750	119	improved	118	119	0.30884331464767456	0.3578030467033386	0.28797057271003723	0.3578030467033386	0.06983247399330139	0.0699758529663086	0.2425241470336914
full250_vs_attn250	26641	536	improved	484	536	0.472929984331131	0.47671571373939514	0.40700390934944153	0.47671571373939514	0.06971180438995361	0.15012454986572266	0.16237545013427734
full250_vs_attn250	22195	827	regressed	827	848	0.1836458444595337	0.16175252199172974	0.1836458444595337	0.11394596844911575	-0.06969987601041794	0.1809067726135254	0.049741268157958984
full250_vs_attn250	24056	137	regressed	137	131	0.22666771709918976	0.220415860414505	0.22666771709918976	0.15700682997703552	-0.06966088712215424	0.004523277282714844	0.33922672271728516
full250_vs_attn250	19427	427	improved	738	427	0.37099650502204895	0.33619424700737	0.2669374644756317	0.33619424700737	0.06925678253173828	0.3291783332824707	0.1083216667175293
full250_vs_attn250	43024	241	regressed	241	240	0.37682098150253296	0.43226000666618347	0.37682098150253296	0.3077786862850189	-0.06904229521751404	0.035353660583496094	0.3396463394165039
full250_vs_attn250	39714	748	regressed	748	902	0.19394665956497192	0.1537727564573288	0.19394665956497192	0.1250077784061432	-0.06893888115882874	0.5741500854492188	0.20709991455078125
full250_vs_attn250	28193	379	regressed	379	365	0.35208046436309814	0.40557122230529785	0.35208046436309814	0.2832931578159332	-0.06878730654716492	0.17243576049804688	0.3588142395019531
full250_vs_attn250	32814	23	improved	21	23	0.3858477771282196	0.43341192603111267	0.365414023399353	0.43341192603111267	0.06799790263175964	0.054411888122558594	0.1955881118774414
full250_vs_attn250	8826	610	improved	918	610	0.4131397008895874	0.3534559905529022	0.2857104539871216	0.3534559905529022	0.06774553656578064	0.3688068389892578	0.0061931610107421875
full250_vs_attn250	6150	686	regressed	686	633	0.18867944180965424	0.2316969633102417	0.18867944180965424	0.12114007025957108	-0.06753937155008316	0.0702672004699707	0.15447998046875
full250_vs_attn250	44361	214	regressed	214	212	0.3078996241092682	0.24407528340816498	0.3078996241092682	0.24051044881343842	-0.06738917529582977	0.20403671264648438	0.014713287353515625
full250_vs_attn250	29750	170	improved	876	170	0.3293779790401459	0.29708313941955566	0.22978229820728302	0.29708313941955566	0.06730084121227264	0.3600735664367676	0.13992643356323242
full250_vs_attn250	38359	663	improved	698	663	0.42162758111953735	0.3849068582057953	0.31780701875686646	0.3849068582057953	0.06709983944892883	0.28267812728881836	0.09232234954833984
full250_vs_attn250	21695	173	improved	172	173	0.419442743062973	0.43914759159088135	0.3722078800201416	0.43914759159088135	0.06693971157073975	0.11947441101074219	0.1617755889892578
full250_vs_attn250	6273	173	improved	852	173	0.3381817638874054	0.3574322760105133	0.290740966796875	0.3574322760105133	0.0666913092136383	0.15115070343017578	0.3488492965698242
full250_vs_attn250	40093	530	regressed	530	409	0.3778252601623535	0.44270724058151245	0.3778252601623535	0.31131356954574585	-0.06651169061660767	0.022891998291015625	0.3521080017089844
full250_vs_attn250	303	982	improved	457	982	0.10737772285938263	0.1616043597459793	0.09511977434158325	0.1616043597459793	0.06648458540439606	0.1212158203125	0.6206088066101074
full250_vs_attn250	22773	208	improved	207	208	0.1808391660451889	0.21980956196784973	0.15393052995204926	0.21980956196784973	0.06587903201580048	0.16110658645629883	0.37014341354370117
full250_vs_attn250	21842	582	regressed	582	737	0.3431224822998047	0.2907828688621521	0.3431224822998047	0.27755284309387207	-0.06556963920593262	0.3284335136413574	0.04656553268432617
full250_vs_attn250	47234	639	improved	638	639	0.46836552023887634	0.4863591492176056	0.4208972752094269	0.4863591492176056	0.06546187400817871	0.10686016082763672	0.14313983917236328
full250_vs_attn250	21712	856	improved	730	856	0.3047696053981781	0.3543219566345215	0.2892054617404938	0.3543219566345215	0.06511649489402771	0.05241870880126953	0.29133129119873047
full250_vs_attn250	44990	861	regressed	861	896	0.25986188650131226	0.36169055104255676	0.25986188650131226	0.19475117325782776	-0.0651107132434845	0.06843328475952148	0.5480327606201172
full250_vs_attn250	31995	229	improved	232	229	0.38819408416748047	0.44877710938453674	0.3839123249053955	0.44877710938453674	0.06486478447914124	0.011091232299804688	0.3326587677001953
full250_vs_attn250	32663	618	regressed	618	828	0.5434315204620361	0.48170730471611023	0.5434315204620361	0.4788898825645447	-0.06454163789749146	0.30663394927978516	0.005866050720214844
full250_vs_attn250	9042	252	improved	197	252	0.22235947847366333	0.27880755066871643	0.21467654407024384	0.27880755066871643	0.0641310065984726	0.035162925720214844	0.43358707427978516
full250_vs_attn250	6897	741	improved	539	741	0.3423866033554077	0.3592609167098999	0.2951320707798004	0.3592609167098999	0.06412884593009949	0.14851760864257812	0.19523239135742188
full250_vs_attn250	193	68	regressed	68	66	0.4544675350189209	0.4101734757423401	0.4544675350189209	0.3905302584171295	-0.06393727660179138	0.20092487335205078	0.049074649810791016
full250_vs_attn250	48525	36	regressed	36	35	0.400936096906662	0.40898555517196655	0.400936096906662	0.3371160626411438	-0.06382003426551819	0.2129974365234375	0.1932525634765625
full250_vs_attn250	25347	211	regressed	211	159	0.38141027092933655	0.3308238983154297	0.38141027092933655	0.3177216649055481	-0.06368860602378845	0.14708948135375977	0.040410518646240234
full250_vs_attn250	41775	945	regressed	945	943	0.3222900927066803	0.3039368689060211	0.3222900927066803	0.25886622071266174	-0.06342387199401855	0.2144913673400879	0.1605086326599121
full250_vs_attn250	2923	827	improved	588	827	0.2772236764431	0.30869609117507935	0.24534425139427185	0.30869609117507935	0.0633518397808075	0.1221623420715332	0.0965876579284668
full250_vs_attn250	39477	796	regressed	796	658	0.31730812788009644	0.261807918548584	0.31730812788009644	0.25396937131881714	-0.0633387565612793	0.1883525848388672	0.030397415161132812
full250_vs_attn250	1035	597	improved	464	597	0.37978705763816833	0.44076278805732727	0.37748003005981445	0.44076278805732727	0.06328275799751282	0.006093025207519531	0.30640697479248047
full250_vs_attn250	11158	184	improved	192	184	0.1863325983285904	0.24792508780956268	0.184830904006958	0.24792508780956268	0.06309418380260468	0.008091926574707031	0.33565807342529297
full250_vs_attn250	514	969	regressed	969	473	0.31409814953804016	0.2652978003025055	0.31409814953804016	0.2513364553451538	-0.06276169419288635	0.2584395408630371	0.05406045913696289
full250_vs_attn250	1661	689	improved	578	689	0.47183758020401	0.5051050186157227	0.44244247674942017	0.5051050186157227	0.06266254186630249	0.06432437896728516	0.31067562103271484
full250_vs_attn250	40044	32	improved	995	32	0.24336667358875275	0.20892967283725739	0.14635780453681946	0.20892967283725739	0.06257186830043793	0.5085148811340332	0.1789851188659668
full250_vs_attn250	23108	914	regressed	914	780	0.44541415572166443	0.4953617751598358	0.44541415572166443	0.38302692770957947	-0.06238722801208496	0.055316925048828125	0.2571830749511719
full250_vs_attn250	10319	18	improved	21	18	0.18010129034519196	0.23800110816955566	0.17562700808048248	0.23800110816955566	0.06237410008907318	0.02515697479248047	0.47484302520751953
full250_vs_attn250	40245	164	improved	166	164	0.25438788533210754	0.2887803316116333	0.22675000131130219	0.2887803316116333	0.062030330300331116	0.10194253921508789	0.19748783111572266
full250_vs_attn250	31619	737	improved	898	737	0.35957929491996765	0.3297119140625	0.2676866054534912	0.3297119140625	0.06202530860900879	0.2951178550720215	0.2986321449279785
full250_vs_attn250	6969	428	improved	516	428	0.3049393594264984	0.33014026284217834	0.2681609094142914	0.33014026284217834	0.06197935342788696	0.1285257339477539	0.4652242660522461
full250_vs_attn250	41443	697	regressed	697	775	0.29397159814834595	0.2897516191005707	0.29397159814834595	0.23219743371009827	-0.06177416443824768	0.028563976287841797	0.2214360237121582
full250_vs_attn250	3919	501	improved	689	501	0.2732549011707306	0.2651979327201843	0.20374901592731476	0.2651979327201843	0.06144891679286957	0.04523134231567383	0.11273384094238281
full250_vs_attn250	2962	648	regressed	648	534	0.20201674103736877	0.1904483437538147	0.20201674103736877	0.14115743339061737	-0.060859307646751404	0.07549476623535156	0.21177339553833008
full250_vs_attn250	6016	799	regressed	799	789	0.411822646856308	0.3676722049713135	0.411822646856308	0.351068377494812	-0.06075426936149597	0.20378923416137695	0.04621076583862305
full250_vs_attn250	30478	813	regressed	813	910	0.33709922432899475	0.3016776144504547	0.33709922432899475	0.2765990197658539	-0.06050020456314087	0.3194599151611328	0.08679008483886719
full250_vs_attn250	39174	656	regressed	656	468	0.320829302072525	0.33547720313072205	0.320829302072525	0.2605023682117462	-0.06032693386077881	0.12205791473388672	0.2529420852661133
full250_vs_attn250	4914	859	regressed	859	904	0.31005021929740906	0.2586608827114105	0.31005021929740906	0.24976295232772827	-0.060287266969680786	0.2149944305419922	0.03500556945800781
full250_vs_attn250	37904	908	regressed	908	895	0.34862110018730164	0.32820969820022583	0.34862110018730164	0.2884487807750702	-0.060172319412231445	0.1833648681640625	0.1291351318359375
full250_vs_attn250	4503	838	improved	593	838	0.3362089991569519	0.2639254033565521	0.2039070576429367	0.2639254033565521	0.06001834571361542	0.5000686645507812	0.03118133544921875
full250_vs_attn250	38526	453	regressed	453	652	0.2308911830186844	0.18877944350242615	0.2308911830186844	0.1709252893924713	-0.059965893626213074	0.21314716339111328	0.09935283660888672
full250_vs_attn250	8873	583	improved	534	583	0.34983623027801514	0.33057546615600586	0.2714451551437378	0.33057546615600586	0.059130311012268066	0.2537050247192383	0.15254497528076172
full250_vs_attn250	48832	544	improved	827	544	0.3720046579837799	0.3868030309677124	0.32769110798835754	0.3868030309677124	0.05911192297935486	0.12683486938476562	0.060665130615234375
full250_vs_attn250	16240	693	improved	472	693	0.2990149259567261	0.2830498516559601	0.22397328913211823	0.2830498516559601	0.05907656252384186	0.28896665573120117	0.023533344268798828
full250_vs_attn250	6643	165	regressed	165	236	0.28305816650390625	0.2844739258289337	0.28305816650390625	0.22398589551448822	-0.05907227098941803	0.3234415054321289	0.2390584945678711
full250_vs_attn250	47985	971	regressed	971	517	0.3985329568386078	0.3540138602256775	0.3985329568386078	0.33947882056236267	-0.05905413627624512	0.20807552337646484	0.041924476623535156
full250_vs_attn250	21203	506	regressed	506	879	0.38114768266677856	0.3474428951740265	0.38114768266677856	0.3221150040626526	-0.05903267860412598	0.14305830001831055	0.07569169998168945
full250_vs_attn250	21333	269	improved	270	269	0.39789435267448425	0.4498305320739746	0.3907981514930725	0.4498305320739746	0.0590323805809021	0.017995357513427734	0.26325464248657227
full250_vs_attn250	25994	158	improved	240	158	0.28774207830429077	0.30422481894493103	0.24575260281562805	0.30422481894493103	0.05847221612930298	0.15773916244506836	0.09226083755493164
full250_vs_attn250	37460	511	regressed	511	817	0.39534568786621094	0.3581329882144928	0.39534568786621094	0.33705994486808777	-0.05828574299812317	0.28310632705688477	0.060643672943115234
full250_vs_attn250	40188	326	improved	322	326	0.38762199878692627	0.42947259545326233	0.371230810880661	0.42947259545326233	0.05824178457260132	0.04320669174194336	0.23804330825805664
full250_vs_attn250	47461	930	improved	941	930	0.2163490206003189	0.22321376204490662	0.165046826004982	0.22321376204490662	0.05816693603992462	0.2706637382507324	0.10433626174926758
full250_vs_attn250	40184	623	regressed	623	563	0.36047837138175964	0.3847462832927704	0.36047837138175964	0.30244749784469604	-0.0580308735370636	0.0405735969543457	0.2406764030456543
full250_vs_attn250	1438	406	improved	497	406	0.3890021741390228	0.43262240290641785	0.37459596991539	0.43262240290641785	0.05802643299102783	0.03773689270019531	0.1497631072998047
full250_vs_attn250	18140	14	improved	379	14	0.23809552192687988	0.2598065733909607	0.2019161880016327	0.2598065733909607	0.057890385389328	0.16481924057006836	0.08518075942993164
full250_vs_attn250	2040	381	improved	369	381	0.4650081694126129	0.45424243807792664	0.39652982354164124	0.45424243807792664	0.0577126145362854	0.1593036651611328	0.09069633483886719
full250_vs_attn250	18095	543	improved	566	543	0.21029354631900787	0.1976807564496994	0.14003302156925201	0.1976807564496994	0.05764773488044739	0.40662622451782227	0.09337377548217773
full250_vs_attn250	9360	185	improved	193	185	0.35977232456207275	0.3764859437942505	0.31890755891799927	0.3764859437942505	0.05757838487625122	0.12057018280029297	0.16067981719970703
full250_vs_attn250	41755	843	regressed	843	488	0.44015103578567505	0.45982280373573303	0.44015103578567505	0.3831348717212677	-0.05701616406440735	0.13004589080810547	0.18245410919189453
full250_vs_attn250	6855	204	regressed	204	155	0.4509091377258301	0.43327152729034424	0.4509091377258301	0.39418232440948486	-0.056726813316345215	0.12419891357421875	0.09455108642578125
full250_vs_attn250	12047	348	regressed	348	519	0.14268648624420166	0.14826589822769165	0.14268648624420166	0.08616873621940613	-0.05651775002479553	0.20730018615722656	0.5426998138427734
full250_vs_attn250	24188	335	improved	562	335	0.2947061061859131	0.31914055347442627	0.26271387934684753	0.31914055347442627	0.056426674127578735	0.1149129867553711	0.3538370132446289
full250_vs_attn250	20368	93	regressed	93	18	0.2786731421947479	0.2767846882343292	0.2786731421947479	0.22244229912757874	-0.05623084306716919	0.25017786026000977	0.21857213973999023
full250_vs_attn250	2584	670	regressed	670	851	0.1847332864999771	0.2593653202056885	0.1847332864999771	0.12875404953956604	-0.05597923696041107	0.1434164047241211	0.7003335952758789
full250_vs_attn250	2553	369	improved	357	369	0.24287080764770508	0.18550455570220947	0.12959077954292297	0.18550455570220947	0.0559137761592865	0.628148078918457	0.09060192108154297
full250_vs_attn250	23474	47	regressed	47	42	0.3429710865020752	0.32145705819129944	0.3429710865020752	0.2870805859565735	-0.05589050054550171	0.07439899444580078	0.11310100555419922
full250_vs_attn250	31718	200	improved	155	200	0.3358818590641022	0.37375402450561523	0.3179710805416107	0.37375402450561523	0.05578294396400452	0.05479907989501953	0.35145044326782227
full250_vs_attn250	15535	350	improved	353	350	0.44228261709213257	0.4620855152606964	0.4066073000431061	0.4620855152606964	0.05547821521759033	0.08410120010375977	0.22839879989624023
full250_vs_attn250	32627	280	improved	277	280	0.37665003538131714	0.3211912214756012	0.26590457558631897	0.3211912214756012	0.05528664588928223	0.3481788635253906	0.026821136474609375
full250_vs_attn250	16486	49	regressed	49	50	0.41882702708244324	0.45018017292022705	0.41882702708244324	0.36354538798332214	-0.055281639099121094	0.03625631332397461	0.2137436866760254
full250_vs_attn250	27504	246	improved	159	246	0.20506127178668976	0.2490594983100891	0.1938367486000061	0.2490594983100891	0.05522274971008301	0.05629253387451172	0.4805784225463867
full250_vs_attn250	30116	787	regressed	787	777	0.18678459525108337	0.15054424107074738	0.18678459525108337	0.13179510831832886	-0.05498948693275452	0.3044915199279785	0.06047248840332031
full250_vs_attn250	14399	386	regressed	386	101	0.4542289674282074	0.4364309012889862	0.4542289674282074	0.39947760105133057	-0.05475136637687683	0.1615276336669922	0.08847236633300781
full250_vs_attn250	39552	389	regressed	389	391	0.4544576406478882	0.41056162118911743	0.4544576406478882	0.3997644782066345	-0.05469316244125366	0.28584957122802734	0.026650428771972656
full250_vs_attn250	36531	839	regressed	839	718	0.4895072281360626	0.500981330871582	0.4895072281360626	0.43548139929771423	-0.05402582883834839	0.10988330841064453	0.14011669158935547
full250_vs_attn250	22167	773	improved	503	773	0.35143715143203735	0.27773433923721313	0.331753671169281	0.27773433923721313	-0.05401933193206787	0.05763816833496094	0.004861354827880859
full250_vs_attn250	22072	742	improved	662	742	0.2187824696302414	0.23760439455509186	0.18379545211791992	0.23760439455509186	0.053808942437171936	0.12451982498168945	0.20026540756225586
full250_vs_attn250	37998	199	improved	224	199	0.11962005496025085	0.14115184545516968	0.08758282661437988	0.14115184545516968	0.053569018840789795	0.15934419631958008	0.09451436996459961
full250_vs_attn250	27681	201	improved	187	201	0.4063136577606201	0.4289727807044983	0.3756382465362549	0.4289727807044983	0.05333453416824341	0.07849884033203125	0.29650115966796875
full250_vs_attn250	21716	657	regressed	657	744	0.3081683814525604	0.27778419852256775	0.3081683814525604	0.2549343705177307	-0.05323401093482971	0.00791168212890625	0.08583831787109375
full250_vs_attn250	25781	968	improved	464	968	0.22341777384281158	0.2109479308128357	0.15790703892707825	0.2109479308128357	0.053040891885757446	0.34703683853149414	0.15296316146850586
full250_vs_attn250	2126	359	regressed	359	454	0.12886473536491394	0.12152598053216934	0.12886473536491394	0.07584364712238312	-0.05302108824253082	0.12229585647583008	0.030475616455078125
full250_vs_attn250	43618	568	improved	368	568	0.4229263961315155	0.38672834634780884	0.3338412344455719	0.38672834634780884	0.05288711190223694	0.23653268814086914	0.10721731185913086
full250_vs_attn250	11046	860	regressed	860	692	0.24879901111125946	0.20439952611923218	0.24879901111125946	0.19595089554786682	-0.05284811556339264	0.39528751373291016	0.042212486267089844
full250_vs_attn250	16678	774	regressed	774	770	0.34833335876464844	0.3317013680934906	0.34833335876464844	0.2955094277858734	-0.052823930978775024	0.040715694427490234	0.11553430557250977
full250_vs_attn250	35420	133	regressed	133	7	0.12876427173614502	0.15720008313655853	0.12876427173614502	0.07614349573850632	-0.0526207759976387	0.2126002311706543	0.4528975486755371
full250_vs_attn250	16490	872	regressed	872	818	0.19912323355674744	0.24486872553825378	0.19912323355674744	0.14686855673789978	-0.052254676818847656	0.1450657844543457	0.5111842155456543
full250_vs_attn250	9188	794	regressed	794	578	0.2470865696668625	0.22178713977336884	0.2470865696668625	0.19490811228752136	-0.052178457379341125	0.43331003189086914	0.12918996810913086
full250_vs_attn250	41499	83	regressed	83	138	0.13351128995418549	0.2098703384399414	0.13351128995418549	0.18562865257263184	0.05211736261844635	0.03741788864135742	0.12274169921875
full250_vs_attn250	3108	860	improved	436	860	0.29040610790252686	0.2078799456357956	0.1559344232082367	0.2078799456357956	0.0519455224275589	0.6218447685241699	0.06565523147583008
full250_vs_attn250	25557	754	improved	688	754	0.39132675528526306	0.39569413661956787	0.34393417835235596	0.39569413661956787	0.051759958267211914	0.12909269332885742	0.08965730667114258
full250_vs_attn250	3438	952	regressed	952	988	0.12737008929252625	0.0977616161108017	0.12737008929252625	0.07594229280948639	-0.051427796483039856	0.46619176864624023	0.25255823135375977
full250_vs_attn250	44143	28	improved	390	28	0.1856776475906372	0.23664507269859314	0.18527621030807495	0.23664507269859314	0.05136886239051819	0.0021643638610839844	0.12283563613891602
full250_vs_attn250	24597	456	regressed	456	875	0.4173445999622345	0.37489333748817444	0.4173445999622345	0.36610400676727295	-0.05124059319496155	0.4450259208679199	0.023724079132080078
full250_vs_attn250	29528	348	improved	349	348	0.4620540142059326	0.46483439207077026	0.4138074815273285	0.46483439207077026	0.05102691054344177	0.11028099060058594	0.13971900939941406
full250_vs_attn250	6584	433	regressed	433	842	0.3023115396499634	0.3447935879230499	0.3023115396499634	0.2512911260128021	-0.051020413637161255	0.12116622924804688	0.3163337707519531
full250_vs_attn250	32410	968	regressed	968	463	0.23477409780025482	0.25419631600379944	0.23477409780025482	0.1837710738182068	-0.051003023982048035	0.050583839416503906	0.3244161605834961
full250_vs_attn250	23947	826	regressed	826	426	0.33328038454055786	0.3969250023365021	0.33328038454055786	0.28273746371269226	-0.0505429208278656	0.004521369934082031	0.33922863006591797
full250_vs_attn250	27886	361	regressed	361	208	0.13721351325511932	0.14099939167499542	0.13721351325511932	0.08684372901916504	-0.050369784235954285	0.32785463333129883	0.43264341354370117
full250_vs_attn250	26366	850	improved	466	850	0.3777417242527008	0.3390374183654785	0.28873082995414734	0.3390374183654785	0.05030658841133118	0.26871585845947266	0.10628366470336914
full250_vs_attn250	8868	66	improved	68	66	0.43459436297416687	0.47891542315483093	0.42879897356033325	0.47891542315483093	0.05011644959449768	0.013424873352050781	0.17407512664794922
full250_vs_attn250	2666	412	regressed	412	621	0.1645318567752838	0.209335595369339	0.1645318567752838	0.11446630209684372	-0.050065554678440094	0.14634180068969727	0.6036581993103027
full250_vs_attn250	9080	588	regressed	588	790	0.4912702143192291	0.45925256609916687	0.4912702143192291	0.4413624405860901	-0.04990777373313904	0.21026611328125	0.03973388671875
full250_vs_attn250	1435	572	improved	503	572	0.3614686131477356	0.3133090138435364	0.2634511888027191	0.3133090138435364	0.04985782504081726	0.31630706787109375	0.12119293212890625
full250_vs_attn250	26749	491	regressed	491	786	0.12865035235881805	0.08303694427013397	0.12865035235881805	0.07887188345193863	-0.049778468906879425	0.9890947341918945	0.05146074295043945
full250_vs_attn250	10181	596	improved	499	596	0.32021817564964294	0.3683263659477234	0.31864142417907715	0.3683263659477234	0.04968494176864624	0.00493621826171875	0.05756378173828125
full250_vs_attn250	10603	245	regressed	245	189	0.3387703001499176	0.3072893023490906	0.3387703001499176	0.28922906517982483	-0.04954123497009277	0.31442928314208984	0.060570716857910156
full250_vs_attn250	16099	930	regressed	930	415	0.39824533462524414	0.4184313416481018	0.39824533462524414	0.34876662492752075	-0.04947870969772339	0.06789016723632812	0.18210983276367188
full250_vs_attn250	30714	207	regressed	207	213	0.429688960313797	0.40763649344444275	0.429688960313797	0.38022923469543457	-0.04945972561836243	0.08664894104003906	0.06960153579711914
full250_vs_attn250	17939	857	improved	406	857	0.30962851643562317	0.3373488485813141	0.2880650460720062	0.3373488485813141	0.04928380250930786	0.07218694686889648	0.17781305313110352
full250_vs_attn250	6268	421	regressed	421	562	0.15014196932315826	0.3035617172718048	0.15014196932315826	0.10103435069322586	-0.049107618629932404	0.024875640869140625	1.1001243591308594
full250_vs_attn250	23378	439	improved	652	439	0.2983655333518982	0.31783798336982727	0.2687544524669647	0.31783798336982727	0.04908353090286255	0.10452127456665039	0.02047872543334961
full250_vs_attn250	12290	104	regressed	104	274	0.13822710514068604	0.12095452845096588	0.13822710514068604	0.08915231376886368	-0.04907479137182236	0.2327432632446289	0.006561756134033203
full250_vs_attn250	17393	73	regressed	73	74	0.3703314960002899	0.34183502197265625	0.3703314960002899	0.32135388255119324	-0.04897761344909668	0.12571477890014648	0.061785221099853516
full250_vs_attn250	22266	687	improved	743	687	0.1882414072751999	0.18230833113193512	0.1333800107240677	0.18230833113193512	0.04892832040786743	0.34452295303344727	0.28047704696655273
full250_vs_attn250	29654	748	improved	893	748	0.4912588894367218	0.4105686843395233	0.3621034622192383	0.4105686843395233	0.048465222120285034	0.3050413131713867	0.007458686828613281
full250_vs_attn250	48158	864	improved	555	864	0.42748549580574036	0.3768007457256317	0.32834362983703613	0.3768007457256317	0.04845711588859558	0.26385974884033203	0.17364072799682617
full250_vs_attn250	46407	110	regressed	110	115	0.48753970861434937	0.44696053862571716	0.48753970861434937	0.43911048769950867	-0.0484292209148407	0.23228073120117188	0.017719268798828125
full250_vs_attn250	45626	663	improved	497	663	0.42005059123039246	0.4678744375705719	0.4194989502429962	0.4678744375705719	0.048375487327575684	0.0013141632080078125	0.1861858367919922
full250_vs_attn250	26402	101	improved	386	101	0.43350890278816223	0.4409946799278259	0.3926366865634918	0.4409946799278259	0.048357993364334106	0.09902763366699219	0.1509723663330078
full250_vs_attn250	16602	473	regressed	473	778	0.2567327916622162	0.2175339162349701	0.2567327916622162	0.20843103528022766	-0.048301756381988525	0.23850345611572266	0.004525184631347656
full250_vs_attn250	49891	3	regressed	3	2	0.49778255820274353	0.4514841139316559	0.49778255820274353	0.4494936764240265	-0.04828888177871704	0.18308162689208984	0.004418373107910156
full250_vs_attn250	37419	536	improved	576	536	0.216387078166008	0.14601822197437286	0.09775693714618683	0.14601822197437286	0.048261284828186035	0.7945847511291504	0.2991652488708496
full250_vs_attn250	1000	737	improved	711	737	0.12330735474824905	0.14748992025852203	0.09927650541067123	0.14748992025852203	0.0482134148478508	0.21677112579345703	0.28322887420654297
full250_vs_attn250	22766	265	regressed	265	850	0.2853222191333771	0.31423261761665344	0.2853222191333771	0.23723946511745453	-0.048082754015922546	0.03143644332885742	0.2810635566711426
full250_vs_attn250	6274	811	regressed	811	753	0.42607444524765015	0.3967294692993164	0.42607444524765015	0.3781915009021759	-0.04788294434547424	0.17089605331420898	0.047853946685791016
full250_vs_attn250	18360	290	regressed	290	342	0.10192868113517761	0.080449678003788	0.10192868113517761	0.05406330153346062	-0.047865379601716995	0.6337738037109375	0.3974761962890625
full250_vs_attn250	45264	544	regressed	544	927	0.19473598897457123	0.15445716679096222	0.19473598897457123	0.14698421955108643	-0.0477517694234848	0.2941584587097168	0.0495915412902832
full250_vs_attn250	21398	637	improved	800	637	0.44762322306632996	0.4007071852684021	0.35308414697647095	0.4007071852684021	0.04762303829193115	0.2372455596923828	0.04400444030761719
full250_vs_attn250	10330	609	regressed	609	864	0.2911250591278076	0.3384878635406494	0.2911250591278076	0.2435462921857834	-0.04757876694202423	0.10831880569458008	0.3291811943054199
full250_vs_attn250	10807	341	regressed	341	342	0.44208431243896484	0.4218176305294037	0.44208431243896484	0.394636332988739	-0.04744797945022583	0.12089157104492188	0.06660842895507812
full250_vs_attn250	49424	840	regressed	840	603	0.13542194664478302	0.14815928041934967	0.13542194664478302	0.08807924389839172	-0.047342702746391296	0.1049489974975586	0.5200510025024414
full250_vs_attn250	9944	807	regressed	807	912	0.20917406678199768	0.21344973146915436	0.20917406678199768	0.1619037240743637	-0.04727034270763397	0.03610038757324219	0.2763996124267578
full250_vs_attn250	46065	762	improved	457	762	0.32490062713623047	0.3705138862133026	0.3232656419277191	0.3705138862133026	0.047248244285583496	0.0050449371337890625	0.30745458602905273
full250_vs_attn250	28240	422	regressed	422	543	0.4775027632713318	0.44608932733535767	0.4775027632713318	0.4303148090839386	-0.04718795418739319	0.21399784088134766	0.036002159118652344
full250_vs_attn250	29847	697	regressed	697	655	0.160896435379982	0.12810339033603668	0.160896435379982	0.11381115764379501	-0.04708527773618698	0.22545289993286133	0.11829710006713867
full250_vs_attn250	40173	437	improved	460	437	0.4173601269721985	0.42789632081985474	0.38088423013687134	0.42789632081985474	0.0470120906829834	0.09145402908325195	0.12729597091674805
full250_vs_attn250	39775	116	improved	113	116	0.3198850452899933	0.3295355439186096	0.28261083364486694	0.3295355439186096	0.046924710273742676	0.12389087677001953	0.06360912322998047
full250_vs_attn250	14484	635	regressed	635	426	0.3775356411933899	0.3991807699203491	0.3775356411933899	0.33076366782188416	-0.04677197337150574	0.061989784240722656	0.18801021575927734
full250_vs_attn250	20893	747	improved	882	747	0.1539950966835022	0.17963378131389618	0.13291575014591217	0.17963378131389618	0.04671803116798401	0.14720535278320312	0.19654464721679688
full250_vs_attn250	6481	876	regressed	876	435	0.5034206509590149	0.48674657940864563	0.5034206509590149	0.4567287564277649	-0.04669189453125	0.12384605407714844	0.06365394592285156
full250_vs_attn250	15031	634	improved	488	634	0.26908379793167114	0.213827446103096	0.16716377437114716	0.213827446103096	0.04666367173194885	0.47604894638061523	0.023951053619384766
full250_vs_attn250	7899	575	improved	417	575	0.18301695585250854	0.2001386135816574	0.15349812805652618	0.2001386135816574	0.046640485525131226	0.026872634887695312	0.1634821891784668
full250_vs_attn250	26512	928	regressed	928	960	0.4865089952945709	0.44318538904190063	0.4865089952945709	0.43988037109375	-0.04662862420082092	0.18001461029052734	0.007485389709472656
full250_vs_attn250	29583	879	regressed	879	412	0.507515549659729	0.49965137243270874	0.507515549659729	0.4608982503414154	-0.0466172993183136	0.1067667007446289	0.0807332992553711
full250_vs_attn250	11230	456	improved	764	456	0.3417006731033325	0.3785834312438965	0.3322499394416809	0.3785834312438965	0.046333491802215576	0.028047561645507812	0.1907024383544922
full250_vs_attn250	38730	691	regressed	691	983	0.28237244486808777	0.2385295182466507	0.28237244486808777	0.23611022531986237	-0.0462622195482254	0.3648056983947754	0.01019430160522461
full250_vs_attn250	31431	831	improved	721	831	0.38028907775878906	0.3534200191497803	0.3073967397212982	0.3534200191497803	0.046023279428482056	0.21279239654541016	0.037207603454589844
full250_vs_attn250	11508	872	regressed	872	608	0.38574206829071045	0.3908236026763916	0.38574206829071045	0.33979296684265137	-0.04594910144805908	0.14133024215698242	0.13991975784301758
full250_vs_attn250	643	875	improved	889	875	0.15888647735118866	0.16135907173156738	0.1156141385436058	0.16135907173156738	0.04574493318796158	0.3179316520690918	0.4945683479309082
full250_vs_attn250	48894	921	improved	922	921	0.14707154035568237	0.1877487450838089	0.14220412075519562	0.1877487450838089	0.04554462432861328	0.033655643463134766	0.49759435653686523
full250_vs_attn250	38175	841	regressed	841	917	0.17233750224113464	0.18878838419914246	0.17233750224113464	0.12687914073467255	-0.0454583615064621	0.04010820388793945	0.16471481323242188
full250_vs_attn250	22008	865	improved	788	865	0.2156025469303131	0.2287067323923111	0.18354883790016174	0.2287067323923111	0.04515789449214935	0.16095590591430664	0.05779409408569336
full250_vs_attn250	24224	359	improved	358	359	0.38533395528793335	0.4193432331085205	0.37419596314430237	0.4193432331085205	0.04514726996421814	0.029330730438232422	0.18941926956176758
full250_vs_attn250	15977	349	regressed	349	348	0.5101839900016785	0.4721371531486511	0.5101839900016785	0.46523863077163696	-0.044945359230041504	0.17278099060058594	0.014719009399414062
full250_vs_attn250	31820	180	improved	179	180	0.5119262337684631	0.45671963691711426	0.41190841794013977	0.45671963691711426	0.04481121897697449	0.21737957000732422	0.03262042999267578
full250_vs_attn250	24994	345	regressed	345	690	0.41507574915885925	0.43202388286590576	0.41507574915885925	0.3703590929508209	-0.04471665620803833	0.0022420883178710938	0.1540079116821289
full250_vs_attn250	9320	220	improved	231	220	0.22795142233371735	0.22542110085487366	0.1807478815317154	0.22542110085487366	0.044673219323158264	0.23202943801879883	0.17422056198120117
full250_vs_attn250	8987	155	improved	204	155	0.40978169441223145	0.3954569399356842	0.35078588128089905	0.3954569399356842	0.044671058654785156	0.15544843673706055	0.12580156326293945
full250_vs_attn250	12557	151	regressed	151	158	0.3987140655517578	0.39746320247650146	0.3987140655517578	0.3541083037853241	-0.044605761766433716	0.13450050354003906	0.11549949645996094
full250_vs_attn250	39731	285	regressed	285	673	0.17835725843906403	0.22705237567424774	0.17835725843906403	0.13376487791538239	-0.04459238052368164	0.06465291976928711	0.4516587257385254
full250_vs_attn250	33706	860	regressed	860	519	0.210903599858284	0.19870078563690186	0.210903599858284	0.16643026471138	-0.04447333514690399	0.10402631759643555	0.16261911392211914
full250_vs_attn250	49791	592	improved	771	592	0.1945468783378601	0.19772231578826904	0.15360087156295776	0.19772231578826904	0.04412144422531128	0.23631572723388672	0.4383230209350586
full250_vs_attn250	4379	967	regressed	967	960	0.29546526074409485	0.2726895213127136	0.29546526074409485	0.2513529658317566	-0.04411229491233826	0.41852426528930664	0.08147573471069336
full250_vs_attn250	3029	743	improved	608	743	0.08484040200710297	0.12875495851039886	0.08470732718706131	0.12875495851039886	0.044047631323337555	0.0015697479248046875	0.4984302520751953
full250_vs_attn250	12075	348	improved	349	348	0.4812801480293274	0.47500696778297424	0.43102607131004333	0.47500696778297424	0.04398089647293091	0.11028099060058594	0.07721900939941406
full250_vs_attn250	9058	12	improved	10	12	0.32815951108932495	0.32585930824279785	0.2820388674736023	0.32585930824279785	0.04382044076919556	0.15145492553710938	0.004795074462890625
full250_vs_attn250	1409	825	improved	519	825	0.4018326699733734	0.377719521522522	0.3339241147041321	0.377719521522522	0.04379540681838989	0.18512201309204102	0.09612798690795898
full250_vs_attn250	47362	248	improved	249	248	0.3581373691558838	0.32445281744003296	0.280754417181015	0.32445281744003296	0.043698400259017944	0.24343633651733398	0.037813663482666016
full250_vs_attn250	27844	764	regressed	764	650	0.2478734850883484	0.26927998661994934	0.2478734850883484	0.20420075953006744	-0.043672725558280945	0.06710195541381836	0.27664804458618164
full250_vs_attn250	32435	184	regressed	184	182	0.3504875600337982	0.32402002811431885	0.3504875600337982	0.30693915486335754	-0.043548405170440674	0.22709417343139648	0.054155826568603516
full250_vs_attn250	15596	977	improved	814	977	0.37417685985565186	0.34822961688041687	0.30477088689804077	0.34822961688041687	0.0434587299823761	0.2051682472229004	0.07608175277709961
full250_vs_attn250	24222	745	regressed	745	592	0.2199273705482483	0.22055724263191223	0.2199273705482483	0.17692872881889343	-0.04299864172935486	0.06083965301513672	0.22041034698486328
full250_vs_attn250	14412	65	regressed	65	327	0.2341184914112091	0.19169582426548004	0.2341184914112091	0.1911396086215973	-0.042978882789611816	0.27834415435791016	0.0029058456420898438
full250_vs_attn250	38467	794	regressed	794	648	0.16783803701400757	0.19991329312324524	0.16783803701400757	0.12496701627969742	-0.04287102073431015	0.2489161491394043	0.4698338508605957
full250_vs_attn250	35707	378	improved	381	378	0.35571208596229553	0.34530478715896606	0.30253222584724426	0.34530478715896606	0.0427725613117218	0.16193389892578125	0.02556610107421875
full250_vs_attn250	25926	281	improved	282	281	0.3638577461242676	0.3695724606513977	0.3268498480319977	0.3695724606513977	0.042722612619400024	0.10726213455200195	0.14273786544799805
full250_vs_attn250	2174	192	regressed	192	226	0.17345501482486725	0.16058792173862457	0.17345501482486725	0.13079264760017395	-0.0426623672246933	0.513521671295166	0.20522832870483398
full250_vs_attn250	10824	793	improved	842	793	0.30231064558029175	0.2808731496334076	0.2382526695728302	0.2808731496334076	0.04262048006057739	0.23812341690063477	0.10562658309936523
full250_vs_attn250	48081	667	improved	446	667	0.21739311516284943	0.22343432903289795	0.18084798753261566	0.22343432903289795	0.04258634150028229	0.1840505599975586	0.034699440002441406
full250_vs_attn250	5941	667	regressed	667	457	0.3467388153076172	0.3558555245399475	0.3467388153076172	0.304372102022171	-0.04236671328544617	0.12497615814208984	0.15627384185791016
full250_vs_attn250	24197	219	improved	220	219	0.4465077817440033	0.44452282786369324	0.4021643102169037	0.44452282786369324	0.04235851764678955	0.10459613800048828	0.08290386199951172
full250_vs_attn250	41762	413	improved	652	413	0.3937233090400696	0.40567269921302795	0.3635461926460266	0.40567269921302795	0.04212650656700134	0.0797419548034668	0.1390080451965332
full250_vs_attn250	45551	32	regressed	32	31	0.3882691264152527	0.3727775812149048	0.3882691264152527	0.34632325172424316	-0.04194587469100952	0.1138906478881836	0.0736093521118164
full250_vs_attn250	44467	821	improved	421	821	0.24430488049983978	0.28051719069480896	0.23861439526081085	0.28051719069480896	0.04190279543399811	0.023568153381347656	0.5389318466186523
full250_vs_attn250	31001	636	improved	748	636	0.4668748676776886	0.4898536801338196	0.44808149337768555	0.4898536801338196	0.04177218675613403	0.04108619689941406	0.14641380310058594
full250_vs_attn250	14828	823	regressed	823	617	0.32391121983528137	0.3173745274543762	0.32391121983528137	0.28220391273498535	-0.04170730710029602	0.03879737854003906	0.11745262145996094
full250_vs_attn250	32231	121	regressed	121	122	0.2826875150203705	0.3052879273891449	0.2826875150203705	0.2409987896680832	-0.04168872535228729	0.2635364532470703	0.2364635467529297
full250_vs_attn250	20286	733	regressed	733	313	0.3809029757976532	0.34912949800491333	0.3809029757976532	0.339255690574646	-0.0416472852230072	0.22131109237670898	0.028688907623291016
full250_vs_attn250	29133	187	improved	192	187	0.21167971193790436	0.22661569714546204	0.18517246842384338	0.22661569714546204	0.04144322872161865	0.13378667831420898	0.01599884033203125
full250_vs_attn250	32121	104	improved	337	104	0.1972852498292923	0.20324930548667908	0.1619277000427246	0.20324930548667908	0.04132160544395447	0.19750070571899414	0.42749929428100586
full250_vs_attn250	11725	513	improved	566	513	0.35967251658439636	0.2738848030567169	0.23262733221054077	0.2738848030567169	0.04125747084617615	0.43575620651245117	0.0017437934875488281
full250_vs_attn250	5416	907	improved	966	907	0.48954129219055176	0.4591559171676636	0.41792139410972595	0.4591559171676636	0.04123452305793762	0.15817546844482422	0.02932453155517578
full250_vs_attn250	17273	265	regressed	265	266	0.45524904131889343	0.45154207944869995	0.45524904131889343	0.41407546401023865	-0.041173577308654785	0.10087966918945312	0.08662033081054688
full250_vs_attn250	31911	724	regressed	724	854	0.25453096628189087	0.26673945784568787	0.25453096628189087	0.21341659128665924	-0.04111437499523163	0.18322372436523438	0.22302627563476562
full250_vs_attn250	33436	965	improved	931	965	0.14953278005123138	0.1727750599384308	0.13170604407787323	0.1727750599384308	0.041069015860557556	0.12694311141967773	0.060556888580322266
full250_vs_attn250	33384	202	regressed	202	200	0.3618139326572418	0.3677251636981964	0.3618139326572418	0.3209083080291748	-0.04090562462806702	0.30131959915161133	0.13618040084838867
full250_vs_attn250	32376	267	regressed	267	266	0.3261117935180664	0.32031723856925964	0.3261117935180664	0.28523191809654236	-0.04087987542152405	0.13399076461791992	0.11600923538208008
full250_vs_attn250	27285	790	improved	515	790	0.1708040088415146	0.1151348128914833	0.07514753192663193	0.1151348128914833	0.03998728096485138	0.5725855827331543	0.08518648147583008
full250_vs_attn250	14607	377	improved	380	377	0.3345194458961487	0.3139346241950989	0.27396318316459656	0.3139346241950989	0.03997144103050232	0.19970130920410156	0.08154869079589844
full250_vs_attn250	21632	250	regressed	250	248	0.4212895631790161	0.392886221408844	0.4212895631790161	0.3815377354621887	-0.03975182771682739	0.1894392967224121	0.029310226440429688
full250_vs_attn250	12937	809	improved	659	809	0.25699254870414734	0.26268136501312256	0.22305192053318024	0.26268136501312256	0.03962944447994232	0.14164257049560547	0.04585742950439453
full250_vs_attn250	35502	758	improved	391	758	0.16081944108009338	0.19715356826782227	0.15752913057804108	0.19715356826782227	0.03962443768978119	0.020671844482421875	0.3855781555175781
full250_vs_attn250	25420	708	improved	873	708	0.2964504063129425	0.3158726692199707	0.2762933075428009	0.3158726692199707	0.0395793616771698	0.07041692733764648	0.14833307266235352
full250_vs_attn250	27614	243	regressed	243	242	0.41772645711898804	0.3827308714389801	0.41772645711898804	0.3782012164592743	-0.039525240659713745	0.17559432983398438	0.011905670166015625
full250_vs_attn250	30156	544	regressed	544	521	0.3156079947948456	0.3321433961391449	0.3156079947948456	0.276161789894104	-0.03944620490074158	0.15917015075683594	0.18457984924316406
full250_vs_attn250	44961	836	improved	837	836	0.15286055207252502	0.18837007880210876	0.1489894539117813	0.18837007880210876	0.039380624890327454	0.025650501251220703	0.0680994987487793
full250_vs_attn250	3513	445	improved	775	445	0.31492748856544495	0.2779717445373535	0.2386806607246399	0.2779717445373535	0.03929108381271362	0.27721595764160156	0.09778404235839844
full250_vs_attn250	11977	813	regressed	813	521	0.10472165793180466	0.08299098908901215	0.10472165793180466	0.06560064107179642	-0.03912101686000824	0.3223381042480469	0.21373462677001953
full250_vs_attn250	16000	505	regressed	505	550	0.308297336101532	0.3217410147190094	0.308297336101532	0.2692326307296753	-0.03906470537185669	0.009328842163085938	0.17817115783691406
full250_vs_attn250	21130	433	regressed	433	975	0.14771988987922668	0.12822292745113373	0.14771988987922668	0.10868526250123978	-0.03903462737798691	0.1784358024597168	0.1653141975402832
full250_vs_attn250	13323	136	improved	91	136	0.24586740136146545	0.17333069443702698	0.13440409302711487	0.17333069443702698	0.03892660140991211	0.5303502082824707	0.05230855941772461
full250_vs_attn250	14820	600	improved	488	600	0.24086515605449677	0.27470600605010986	0.23638330399990082	0.27470600605010986	0.038322702050209045	0.018782615661621094	0.1999673843383789
full250_vs_attn250	47924	854	regressed	854	884	0.30161353945732117	0.285115510225296	0.30161353945732117	0.263526976108551	-0.03808656334877014	0.23376131057739258	0.07873868942260742
full250_vs_attn250	39950	162	improved	161	162	0.30178600549697876	0.24669155478477478	0.20871208608150482	0.24669155478477478	0.03797946870326996	0.3687624931335449	0.03748750686645508
full250_vs_attn250	29888	316	improved	71	316	0.14276930689811707	0.12955093383789062	0.09160657227039337	0.12955093383789062	0.03794436156749725	0.4437270164489746	0.5115299224853516
full250_vs_attn250	27083	798	regressed	798	769	0.4514673948287964	0.4814777076244354	0.4514673948287964	0.4135721027851105	-0.03789529204368591	0.03547191619873047	0.15202808380126953
full250_vs_attn250	15624	210	regressed	210	243	0.25522953271865845	0.2981029152870178	0.25522953271865845	0.21801535785198212	-0.03721417486667633	0.06212663650512695	0.31287336349487305
full250_vs_attn250	10421	870	improved	612	870	0.2983294725418091	0.27161985635757446	0.23468375205993652	0.27161985635757446	0.03693610429763794	0.239959716796875	0.166290283203125
full250_vs_attn250	8182	646	improved	448	646	0.1300269365310669	0.16578656435012817	0.1289328932762146	0.16578656435012817	0.036853671073913574	0.008449554443359375	0.2728004455566406
full250_vs_attn250	6594	269	improved	272	269	0.35935327410697937	0.3798646330833435	0.3430330455303192	0.3798646330833435	0.03683158755302429	0.046479225158691406	0.2660207748413086
full250_vs_attn250	31327	608	regressed	608	502	0.16798417270183563	0.17685280740261078	0.16798417270183563	0.13116058707237244	-0.036823585629463196	0.13860464096069336	0.26439809799194336
full250_vs_attn250	35274	889	improved	486	889	0.5095898509025574	0.47023075819015503	0.4334077537059784	0.47023075819015503	0.036823004484176636	0.1619272232055664	0.025572776794433594
full250_vs_attn250	17410	870	regressed	870	703	0.360552579164505	0.4034806489944458	0.360552579164505	0.32378560304641724	-0.03676697611808777	0.0299530029296875	0.2200469970703125
full250_vs_attn250	42894	656	improved	436	656	0.3616206645965576	0.397942453622818	0.36120501160621643	0.397942453622818	0.03673744201660156	0.0011501312255859375	0.18634939193725586
full250_vs_attn250	8607	997	regressed	997	993	0.159406840801239	0.13036566972732544	0.159406840801239	0.12270599603652954	-0.03670084476470947	0.251373291015625	0.060552120208740234
full250_vs_attn250	32925	385	improved	101	385	0.46200960874557495	0.4531521201133728	0.41694653034210205	0.4531521201133728	0.03620558977127075	0.10262775421142578	0.08487224578857422
full250_vs_attn250	6785	567	regressed	567	813	0.12050964683294296	0.12015705555677414	0.12050964683294296	0.08436997979879379	-0.03613966703414917	0.11516189575195312	0.3535881042480469
full250_vs_attn250	16054	553	regressed	553	526	0.22580930590629578	0.23367470502853394	0.22580930590629578	0.18979617953300476	-0.036013126373291016	0.10452079772949219	0.2079792022705078
full250_vs_attn250	33579	787	improved	643	787	0.18601252138614655	0.2047782838344574	0.168781578540802	0.2047782838344574	0.035996705293655396	0.09720849990844727	0.34029150009155273
full250_vs_attn250	18632	895	improved	908	895	0.39346033334732056	0.40695104002952576	0.3711533844470978	0.40695104002952576	0.03579765558242798	0.0583648681640625	0.1291351318359375
full250_vs_attn250	48067	586	regressed	586	847	0.41618549823760986	0.3893989324569702	0.41618549823760986	0.3804062604904175	-0.03577923774719238	0.19538545608520508	0.023364543914794922
full250_vs_attn250	37164	506	improved	616	506	0.27294185757637024	0.2709503173828125	0.23518593609333038	0.2709503173828125	0.03576438128948212	0.14888238906860352	0.06986761093139648
full250_vs_attn250	30375	74	improved	616	74	0.3441232740879059	0.31689634919166565	0.28125765919685364	0.31689634919166565	0.03563868999481201	0.20172882080078125	0.11077117919921875
full250_vs_attn250	19525	622	improved	759	622	0.28702616691589355	0.3138708770275116	0.2782539427280426	0.3138708770275116	0.035616934299468994	0.03103923797607422	0.21896076202392578
full250_vs_attn250	7911	283	improved	285	283	0.361926406621933	0.32889530062675476	0.29328373074531555	0.32889530062675476	0.03561156988143921	0.21030044555664062	0.10219955444335938
full250_vs_attn250	18992	347	regressed	347	295	0.23447026312351227	0.2182001769542694	0.23447026312351227	0.19890879094600677	-0.03556147217750549	0.34493350982666016	0.09256649017333984
full250_vs_attn250	374	809	improved	551	809	0.3297726809978485	0.31417644023895264	0.27876684069633484	0.31417644023895264	0.0354095995426178	0.1680278778076172	0.05072212219238281
full250_vs_attn250	21363	842	regressed	842	472	0.08481094241142273	0.08245475590229034	0.08481094241142273	0.04976965859532356	-0.03504128381609917	0.05765581130981445	0.43775510787963867
full250_vs_attn250	21561	690	regressed	690	719	0.15909184515476227	0.1622217893600464	0.15909184515476227	0.12422642856836319	-0.03486541658639908	0.3581414222717285	0.2668585777282715
full250_vs_attn250	28889	754	improved	819	754	0.1738736778497696	0.16522322595119476	0.13046079874038696	0.16522322595119476	0.0347624272108078	0.28725624084472656	0.025243759155273438
full250_vs_attn250	1328	231	improved	230	231	0.4010571837425232	0.4211132526397705	0.3865298628807068	0.4211132526397705	0.03458338975906372	0.036894798278808594	0.1506052017211914
full250_vs_attn250	32574	764	regressed	764	763	0.201678067445755	0.22748397290706635	0.201678067445755	0.16721142828464508	-0.034466639161109924	0.035929203033447266	0.30782079696655273
full250_vs_attn250	8695	26	regressed	26	27	0.46022623777389526	0.4362424910068512	0.46022623777389526	0.42578959465026855	-0.03443664312362671	0.16324710845947266	0.024252891540527344
full250_vs_attn250	15088	475	improved	711	475	0.20117199420928955	0.20121249556541443	0.16689342260360718	0.20121249556541443	0.03431907296180725	0.18680477142333984	0.43819522857666016
full250_vs_attn250	12459	839	improved	718	839	0.451760470867157	0.47930049896240234	0.4449826776981354	0.47930049896240234	0.03431782126426697	0.015116691589355469	0.10988330841064453
full250_vs_attn250	5111	630	improved	464	630	0.1099829375743866	0.135318323969841	0.1011098250746727	0.135318323969841	0.034208498895168304	0.08411788940429688	0.19713211059570312
full250_vs_attn250	25204	571	improved	555	571	0.35718274116516113	0.3721618056297302	0.3379693925380707	0.3721618056297302	0.034192413091659546	0.05529212951660156	0.25720787048339844
full250_vs_attn250	21647	231	improved	230	231	0.4427199363708496	0.4477238059043884	0.41355589032173157	0.4477238059043884	0.03416791558265686	0.0681447982788086	0.056855201721191406
full250_vs_attn250	4362	590	improved	487	590	0.30029284954071045	0.32284560799598694	0.2887289226055145	0.32284560799598694	0.03411668539047241	0.03926992416381836	0.08573007583618164
full250_vs_attn250	41570	765	regressed	765	857	0.3631044328212738	0.408758282661438	0.3631044328212738	0.32900190353393555	-0.03410252928733826	0.12668943405151367	0.21706056594848633
full250_vs_attn250	12328	231	improved	230	231	0.44606712460517883	0.4776040017604828	0.4435562193393707	0.4776040017604828	0.03404778242111206	0.005644798278808594	0.1193552017211914
full250_vs_attn250	980	744	improved	657	744	0.44327813386917114	0.46015414595603943	0.42625415325164795	0.46015414595603943	0.03389999270439148	0.03916168212890625	0.08583831787109375
full250_vs_attn250	28663	689	regressed	689	887	0.32602745294570923	0.3418872356414795	0.32602745294570923	0.2924327552318573	-0.03359469771385193	0.15625381469726562	0.15624618530273438
full250_vs_attn250	39890	861	regressed	861	731	0.298042356967926	0.26515161991119385	0.298042356967926	0.2644919455051422	-0.033550411462783813	0.15375900268554688	0.002490997314453125
full250_vs_attn250	39824	272	regressed	272	269	0.23871876299381256	0.22930088639259338	0.23871876299381256	0.20546266436576843	-0.03325609862804413	0.046479225158691406	0.1097707748413086
full250_vs_attn250	11023	579	regressed	579	881	0.4769130051136017	0.4456424117088318	0.4769130051136017	0.44380849599838257	-0.033104509115219116	0.12087631225585938	0.004123687744140625
full250_vs_attn250	12331	413	improved	652	413	0.383230596780777	0.345078706741333	0.31227850914001465	0.345078706741333	0.03280019760131836	0.2047414779663086	0.1702585220336914
full250_vs_attn250	40262	491	improved	465	491	0.3059687912464142	0.2829720377922058	0.25044935941696167	0.2829720377922058	0.03252267837524414	0.2002263069152832	0.1122736930847168
full250_vs_attn250	39579	163	regressed	163	161	0.3886492848396301	0.35705429315567017	0.3886492848396301	0.3561663329601288	-0.03248295187950134	0.12250995635986328	0.0024900436401367188
full250_vs_attn250	32070	404	regressed	404	908	0.4333179295063019	0.42053526639938354	0.4333179295063019	0.4009673297405243	-0.03235059976577759	0.07735157012939453	0.04764842987060547
full250_vs_attn250	7367	230	regressed	230	231	0.4461096227169037	0.49628153443336487	0.4461096227169037	0.41376087069511414	-0.03234875202178955	0.005644798278808594	0.1818552017211914
full250_vs_attn250	18707	893	improved	921	893	0.2197340875864029	0.23308828473091125	0.20079804956912994	0.23308828473091125	0.03229023516178131	0.090118408203125	0.347381591796875
full250_vs_attn250	23231	876	regressed	876	435	0.4505492150783539	0.44582539796829224	0.4505492150783539	0.41833120584487915	-0.03221800923347473	0.06134605407714844	0.06365394592285156
full250_vs_attn250	34684	626	regressed	626	777	0.15461787581443787	0.13615001738071442	0.15461787581443787	0.12253694236278534	-0.03208093345165253	0.5196552276611328	0.10534477233886719
full250_vs_attn250	23928	623	improved	813	623	0.3397558927536011	0.3385070562362671	0.30654868483543396	0.3385070562362671	0.03195837140083313	0.10285091400146484	0.11589908599853516
full250_vs_attn250	5355	895	improved	908	895	0.31434524059295654	0.3104373514652252	0.27855831384658813	0.3104373514652252	0.031879037618637085	0.1208643913269043	0.1291356086730957
full250_vs_attn250	24207	686	regressed	686	740	0.16357110440731049	0.17049966752529144	0.16357110440731049	0.13171643018722534	-0.031854674220085144	0.054418087005615234	0.25808191299438477
full250_vs_attn250	22798	454	improved	624	454	0.45207759737968445	0.46286541223526	0.43147584795951843	0.46286541223526	0.03138956427574158	0.046642303466796875	0.07835769653320312
full250_vs_attn250	8241	659	improved	809	659	0.26871711015701294	0.27237626910209656	0.24112169444561005	0.27237626910209656	0.03125457465648651	0.10835742950439453	0.04789257049560547
full250_vs_attn250	25154	212	improved	215	212	0.31538328528404236	0.3131047487258911	0.28185033798217773	0.3131047487258911	0.03125441074371338	0.1124124526977539	0.012587547302246094
full250_vs_attn250	22642	516	improved	431	516	0.35618147253990173	0.3197764754295349	0.28857868909835815	0.3197764754295349	0.031197786331176758	0.21047258377075195	0.10202741622924805
full250_vs_attn250	48242	172	regressed	172	171	0.4757052958011627	0.5038861036300659	0.4757052958011627	0.44474831223487854	-0.03095698356628418	0.0001583099365234375	0.12484169006347656
full250_vs_attn250	29161	983	improved	801	983	0.30863672494888306	0.3182219862937927	0.2872735261917114	0.3182219862937927	0.0309484601020813	0.07173013687133789	0.2720198631286621
full250_vs_attn250	5666	383	regressed	383	384	0.45002421736717224	0.4691861867904663	0.45002421736717224	0.4191119372844696	-0.030912280082702637	0.01213836669921875	0.11286163330078125
full250_vs_attn250	41311	673	regressed	673	527	0.262298583984375	0.247561514377594	0.262298583984375	0.23165716230869293	-0.030641421675682068	0.05859947204589844	0.06640052795410156
full250_vs_attn250	27131	841	regressed	841	610	0.23263736069202423	0.2291063517332077	0.23263736069202423	0.20202507078647614	-0.030612289905548096	0.1554555892944336	0.1257944107055664
full250_vs_attn250	26449	742	regressed	742	713	0.45674121379852295	0.4556916058063507	0.45674121379852295	0.4262104034423828	-0.030530810356140137	0.058116912841796875	0.06688308715820312
full250_vs_attn250	8271	250	improved	248	250	0.4641149640083313	0.48118340969085693	0.4507090747356415	0.48118340969085693	0.030474334955215454	0.029310226440429688	0.09568977355957031
full250_vs_attn250	24413	335	improved	371	335	0.17890392243862152	0.16014164686203003	0.12976935505867004	0.16014164686203003	0.030372291803359985	0.3210902214050293	0.1476597785949707
full250_vs_attn250	22286	50	improved	49	50	0.42784032225608826	0.4300393760204315	0.39991170167922974	0.4300393760204315	0.030127674341201782	0.06750631332397461	0.11999368667602539
full250_vs_attn250	23509	572	regressed	572	441	0.12742680311203003	0.1326460838317871	0.12742680311203003	0.09732455760240555	-0.03010224550962448	0.0028667449951171875	0.17794561386108398
full250_vs_attn250	10195	624	improved	884	624	0.22493121027946472	0.20613940060138702	0.1761067509651184	0.20613940060138702	0.030032649636268616	0.2447042465209961	0.005295753479003906
full250_vs_attn250	45281	511	improved	817	511	0.43706876039505005	0.4411613941192627	0.41135117411613464	0.4411613941192627	0.029810220003128052	0.06064319610595703	0.06435680389404297
full250_vs_attn250	17907	505	regressed	505	899	0.23604968190193176	0.2577281594276428	0.23604968190193176	0.20631715655326843	-0.02973252534866333	0.12125921249389648	0.22249078750610352
full250_vs_attn250	23812	754	improved	826	754	0.22539013624191284	0.13542738556861877	0.10584814101457596	0.13542738556861877	0.029579244554042816	0.7558274269104004	0.08792257308959961
full250_vs_attn250	38449	765	regressed	765	559	0.2370811104774475	0.24195413291454315	0.2370811104774475	0.20757658779621124	-0.029504522681236267	0.09675216674804688	0.15324783325195312
full250_vs_attn250	2703	311	improved	312	311	0.40153083205223083	0.3941771984100342	0.36472252011299133	0.3941771984100342	0.029454678297042847	0.09614753723144531	0.09135246276855469
full250_vs_attn250	20847	40	regressed	40	46	0.4237314462661743	0.4239940047264099	0.4237314462661743	0.3944621980190277	-0.029269248247146606	0.052803993225097656	0.07219600677490234
full250_vs_attn250	23737	744	improved	657	744	0.46839678287506104	0.47952187061309814	0.45040813088417053	0.47952187061309814	0.029113739728927612	0.03916168212890625	0.08583831787109375
full250_vs_attn250	29713	205	improved	224	205	0.24549829959869385	0.2695203721523285	0.24054084718227386	0.2695203721523285	0.028979524970054626	0.020400047302246094	0.042099952697753906
full250_vs_attn250	19699	826	regressed	826	861	0.1333165168762207	0.1128273755311966	0.1333165168762207	0.10433811694383621	-0.02897839993238449	0.26552772521972656	0.022276878356933594
full250_vs_attn250	37172	961	regressed	961	773	0.10046635568141937	0.10357685387134552	0.10046635568141937	0.07154631614685059	-0.028920039534568787	0.005031108856201172	0.36996889114379883
full250_vs_attn250	36364	440	improved	455	440	0.377567857503891	0.35960283875465393	0.33079826831817627	0.35960283875465393	0.02880457043647766	0.13224172592163086	0.08650827407836914
full250_vs_attn250	7863	197	improved	196	197	0.21940560638904572	0.2101374715566635	0.18143557012081146	0.2101374715566635	0.02870190143585205	0.18529367446899414	0.028728485107421875
full250_vs_attn250	8200	241	regressed	241	240	0.4633374512195587	0.44671007990837097	0.4633374512195587	0.434746652841568	-0.028590798377990723	0.0978536605834961	0.027146339416503906
full250_vs_attn250	39811	917	improved	728	917	0.16695326566696167	0.18200118839740753	0.15354996919631958	0.18200118839740753	0.02845121920108795	0.08368778228759766	0.26617956161499023
full250_vs_attn250	45368	532	improved	799	532	0.2576509714126587	0.23812033236026764	0.20969201624393463	0.23812033236026764	0.028428316116333008	0.20596599578857422	0.10653400421142578
full250_vs_attn250	4790	296	improved	279	296	0.3933766782283783	0.37731415033340454	0.349422812461853	0.37731415033340454	0.027891337871551514	0.1184849739074707	0.0690150260925293
full250_vs_attn250	45513	648	improved	771	648	0.1635468453168869	0.18444128334522247	0.15663579106330872	0.18444128334522247	0.027805492281913757	0.037668704986572266	0.01932382583618164
full250_vs_attn250	45277	395	improved	58	395	0.23665538430213928	0.21524262428283691	0.18773965537548065	0.21524262428283691	0.027502968907356262	0.23154878616333008	0.14345121383666992
full250_vs_attn250	18295	427	improved	519	427	0.0916847288608551	0.11420786380767822	0.08673882484436035	0.11420786380767822	0.02746903896331787	0.055454254150390625	0.3195457458496094
full250_vs_attn250	17941	413	improved	764	413	0.4520409107208252	0.4608168303966522	0.43350136280059814	0.4608168303966522	0.027315467596054077	0.04187774658203125	0.08312225341796875
full250_vs_attn250	440	298	improved	299	298	0.10253464430570602	0.10931137949228287	0.08199690282344818	0.10931137949228287	0.027314476668834686	0.22351932525634766	0.026480674743652344
full250_vs_attn250	790	634	regressed	634	877	0.11494439840316772	0.13546638190746307	0.11494439840316772	0.08764497935771942	-0.027299419045448303	0.37707090377807617	0.43542909622192383
full250_vs_attn250	19851	862	regressed	862	980	0.3483947813510895	0.3736055791378021	0.3483947813510895	0.3211333155632019	-0.027261465787887573	0.00490570068359375	0.15134429931640625
full250_vs_attn250	5374	780	improved	724	780	0.4388338327407837	0.43586432933807373	0.4086415767669678	0.43586432933807373	0.027222752571105957	0.07128238677978516	0.11621713638305664
full250_vs_attn250	18217	567	improved	930	567	0.3287826180458069	0.310630738735199	0.2837454080581665	0.310630738735199	0.02688533067703247	0.14731931686401367	0.07143068313598633
full250_vs_attn250	25453	864	improved	407	864	0.25903844833374023	0.2334529310464859	0.2065781205892563	0.2334529310464859	0.026874810457229614	0.22629785537719727	0.054952144622802734
full250_vs_attn250	23261	363	regressed	363	103	0.15990246832370758	0.16942821443080902	0.15990246832370758	0.1331108957529068	-0.02679157257080078	0.35250329971313477	0.24124670028686523
