timestamp	checkpoint	loss	acc1	acc5	samples	delta_vs_80.5980	delta_vs_scheme_c_80.6820	delta_vs_original_80.7240	status
2026-07-11T10:20:36Z	checkpoint-11	0.8448	80.3360	95.2440	50000	-0.2620	-0.3460	-0.3880	below_baseline
2026-07-11T10:20:36Z	checkpoint-12	0.8443	80.3760	95.2920	50000	-0.2220	-0.3060	-0.3480	below_baseline
2026-07-11T10:20:36Z	checkpoint-13	0.8443	80.3460	95.2740	50000	-0.2520	-0.3360	-0.3780	below_baseline
2026-07-11T10:20:36Z	checkpoint-14	0.8467	80.3700	95.3000	50000	-0.2280	-0.3120	-0.3540	below_baseline
2026-07-11T10:20:36Z	checkpoint-15	0.8443	80.3720	95.3000	50000	-0.2260	-0.3100	-0.3520	below_baseline
2026-07-11T10:20:36Z	checkpoint-16	0.8435	80.3800	95.3140	50000	-0.2180	-0.3020	-0.3440	below_baseline
2026-07-11T10:20:36Z	checkpoint-17	0.8416	80.3640	95.3100	50000	-0.2340	-0.3180	-0.3600	below_baseline
2026-07-11T10:20:36Z	checkpoint-18	0.8416	80.3020	95.2420	50000	-0.2960	-0.3800	-0.4220	below_baseline
2026-07-11T10:20:36Z	checkpoint-19	0.8427	80.3360	95.2660	50000	-0.2620	-0.3460	-0.3880	below_baseline
2026-07-11T10:20:36Z	checkpoint-20	0.8388	80.4580	95.3380	50000	-0.1400	-0.2240	-0.2660	below_baseline
2026-07-11T10:20:36Z	checkpoint-21	0.8416	80.4660	95.3400	50000	-0.1320	-0.2160	-0.2580	below_baseline
2026-07-11T10:20:36Z	checkpoint-22	0.8378	80.5440	95.3640	50000	-0.0540	-0.1380	-0.1800	below_baseline
2026-07-11T10:20:36Z	checkpoint-23	0.8421	80.3720	95.3100	50000	-0.2260	-0.3100	-0.3520	below_baseline
2026-07-11T10:20:36Z	checkpoint-24	0.8407	80.3720	95.2980	50000	-0.2260	-0.3100	-0.3520	below_baseline
2026-07-11T10:20:36Z	checkpoint-25	0.8385	80.4600	95.3220	50000	-0.1380	-0.2220	-0.2640	below_baseline
2026-07-11T10:20:36Z	checkpoint-26	0.8442	80.3800	95.3140	50000	-0.2180	-0.3020	-0.3440	below_baseline
2026-07-11T10:20:36Z	checkpoint-27	0.8400	80.4660	95.3280	50000	-0.1320	-0.2160	-0.2580	below_baseline
2026-07-11T10:20:36Z	checkpoint-28	0.8376	80.4700	95.2960	50000	-0.1280	-0.2120	-0.2540	below_baseline
2026-07-11T10:20:36Z	checkpoint-29	0.8409	80.3600	95.3560	50000	-0.2380	-0.3220	-0.3640	below_baseline
2026-07-11T10:20:36Z	checkpoint-30	0.8380	80.4880	95.3300	50000	-0.1100	-0.1940	-0.2360	below_baseline
2026-07-11T10:20:36Z	checkpoint-31	0.8438	80.3800	95.2800	50000	-0.2180	-0.3020	-0.3440	below_baseline
2026-07-11T10:20:36Z	checkpoint-32	0.8373	80.5980	95.3180	50000	0.0000	-0.0840	-0.1260	below_baseline
2026-07-11T10:20:36Z	checkpoint-33	0.8394	80.5200	95.3880	50000	-0.0780	-0.1620	-0.2040	below_baseline
2026-07-11T10:20:36Z	checkpoint-34	0.8421	80.4040	95.3000	50000	-0.1940	-0.2780	-0.3200	below_baseline
2026-07-11T10:20:36Z	checkpoint-35	0.8366	80.4500	95.3840	50000	-0.1480	-0.2320	-0.2740	below_baseline
2026-07-11T10:20:36Z	checkpoint-36	0.8394	80.6020	95.3420	50000	0.0040	-0.0800	-0.1220	above_baseline
2026-07-11T10:20:36Z	checkpoint-37	0.8350	80.5460	95.4000	50000	-0.0520	-0.1360	-0.1780	below_baseline
2026-07-11T10:20:36Z	checkpoint-38	0.8346	80.5040	95.3220	50000	-0.0940	-0.1780	-0.2200	below_baseline
2026-07-11T10:20:36Z	checkpoint-39	0.8410	80.5040	95.3260	50000	-0.0940	-0.1780	-0.2200	below_baseline
2026-07-11T10:20:36Z	checkpoint-40	0.8343	80.4740	95.3960	50000	-0.1240	-0.2080	-0.2500	below_baseline
2026-07-11T10:20:36Z	checkpoint-41	0.8343	80.5280	95.3220	50000	-0.0700	-0.1540	-0.1960	below_baseline
2026-07-11T10:20:36Z	checkpoint-42	0.8343	80.5480	95.3680	50000	-0.0500	-0.1340	-0.1760	below_baseline
2026-07-11T10:20:36Z	checkpoint-43	0.8402	80.5740	95.3700	50000	-0.0240	-0.1080	-0.1500	below_baseline
2026-07-11T10:20:36Z	checkpoint-44	0.8358	80.4960	95.2740	50000	-0.1020	-0.1860	-0.2280	below_baseline
2026-07-11T10:20:36Z	checkpoint-45	0.8308	80.5420	95.3280	50000	-0.0560	-0.1400	-0.1820	below_baseline
2026-07-11T10:20:36Z	checkpoint-46	0.8359	80.5320	95.3120	50000	-0.0660	-0.1500	-0.1920	below_baseline
2026-07-11T10:20:36Z	checkpoint-47	0.8348	80.5780	95.3820	50000	-0.0200	-0.1040	-0.1460	below_baseline
2026-07-11T10:20:36Z	checkpoint-48	0.8377	80.5840	95.3080	50000	-0.0140	-0.0980	-0.1400	below_baseline
2026-07-11T10:20:36Z	checkpoint-49	0.8344	80.5820	95.3620	50000	-0.0160	-0.1000	-0.1420	below_baseline
2026-07-11T10:20:36Z	checkpoint-50	0.8326	80.5800	95.3700	50000	-0.0180	-0.1020	-0.1440	below_baseline
2026-07-11T10:20:36Z	checkpoint-51	0.8330	80.5200	95.3340	50000	-0.0780	-0.1620	-0.2040	below_baseline
2026-07-11T10:20:36Z	checkpoint-52	0.8365	80.5120	95.3500	50000	-0.0860	-0.1700	-0.2120	below_baseline
2026-07-11T10:20:36Z	checkpoint-53	0.8395	80.5300	95.3280	50000	-0.0680	-0.1520	-0.1940	below_baseline
2026-07-11T10:20:36Z	checkpoint-54	0.8307	80.4860	95.3340	50000	-0.1120	-0.1960	-0.2380	below_baseline
2026-07-11T10:20:36Z	checkpoint-55	0.8370	80.4300	95.3240	50000	-0.1680	-0.2520	-0.2940	below_baseline
2026-07-11T10:20:36Z	checkpoint-56	0.8323	80.5120	95.3700	50000	-0.0860	-0.1700	-0.2120	below_baseline
2026-07-11T10:20:36Z	checkpoint-57	0.8299	80.6200	95.4140	50000	0.0220	-0.0620	-0.1040	above_baseline
2026-07-11T10:20:36Z	checkpoint-58	0.8373	80.5560	95.3520	50000	-0.0420	-0.1260	-0.1680	below_baseline
2026-07-11T10:20:36Z	checkpoint-59	0.8309	80.6460	95.3240	50000	0.0480	-0.0360	-0.0780	above_baseline
2026-07-11T10:20:36Z	checkpoint-60	0.8373	80.5900	95.4140	50000	-0.0080	-0.0920	-0.1340	below_baseline
2026-07-11T10:20:36Z	checkpoint-61	0.8315	80.5280	95.4380	50000	-0.0700	-0.1540	-0.1960	below_baseline
2026-07-11T10:20:36Z	checkpoint-62	0.8355	80.6180	95.3320	50000	0.0200	-0.0640	-0.1060	above_baseline
2026-07-11T10:20:36Z	checkpoint-63	0.8264	80.5500	95.4160	50000	-0.0480	-0.1320	-0.1740	below_baseline
2026-07-11T10:20:36Z	checkpoint-64	0.8291	80.5300	95.3660	50000	-0.0680	-0.1520	-0.1940	below_baseline
2026-07-11T10:20:36Z	checkpoint-65	0.8306	80.5620	95.3280	50000	-0.0360	-0.1200	-0.1620	below_baseline
2026-07-11T10:20:36Z	checkpoint-66	0.8289	80.6580	95.3560	50000	0.0600	-0.0240	-0.0660	above_baseline
2026-07-11T10:20:36Z	checkpoint-67	0.8348	80.6700	95.4260	50000	0.0720	-0.0120	-0.0540	above_baseline
2026-07-11T10:20:36Z	checkpoint-68	0.8367	80.6520	95.3920	50000	0.0540	-0.0300	-0.0720	above_baseline
2026-07-11T10:20:36Z	checkpoint-69	0.8296	80.6160	95.3500	50000	0.0180	-0.0660	-0.1080	above_baseline
2026-07-11T10:20:36Z	checkpoint-70	0.8308	80.6500	95.4240	50000	0.0520	-0.0320	-0.0740	above_baseline
2026-07-11T10:20:36Z	checkpoint-71	0.8329	80.5720	95.3960	50000	-0.0260	-0.1100	-0.1520	below_baseline
2026-07-11T10:20:36Z	checkpoint-72	0.8339	80.5840	95.4000	50000	-0.0140	-0.0980	-0.1400	below_baseline
2026-07-11T10:20:36Z	checkpoint-73	0.8339	80.5000	95.3460	50000	-0.0980	-0.1820	-0.2240	below_baseline
2026-07-11T10:20:36Z	checkpoint-74	0.8355	80.5420	95.3240	50000	-0.0560	-0.1400	-0.1820	below_baseline
2026-07-11T10:20:36Z	checkpoint-75	0.8324	80.7120	95.3680	50000	0.1140	0.0300	-0.0120	above_scheme_c
2026-07-11T10:20:36Z	checkpoint-76	0.8344	80.4920	95.4100	50000	-0.1060	-0.1900	-0.2320	below_baseline
2026-07-11T10:20:36Z	checkpoint-77	0.8289	80.5920	95.3900	50000	-0.0060	-0.0900	-0.1320	below_baseline
2026-07-11T10:20:36Z	checkpoint-78	0.8324	80.5320	95.3880	50000	-0.0660	-0.1500	-0.1920	below_baseline
2026-07-11T10:20:36Z	checkpoint-79	0.8328	80.6320	95.3840	50000	0.0340	-0.0500	-0.0920	above_baseline
2026-07-11T10:20:36Z	checkpoint-80	0.8305	80.4960	95.4400	50000	-0.1020	-0.1860	-0.2280	below_baseline
2026-07-11T10:20:36Z	checkpoint-81	0.8311	80.6840	95.4080	50000	0.0860	0.0020	-0.0400	above_scheme_c
2026-07-11T10:20:36Z	checkpoint-82	0.8321	80.6700	95.3860	50000	0.0720	-0.0120	-0.0540	above_baseline
2026-07-11T10:20:36Z	checkpoint-83	0.8313	80.5840	95.3820	50000	-0.0140	-0.0980	-0.1400	below_baseline
2026-07-11T10:20:36Z	checkpoint-84	0.8332	80.5960	95.3800	50000	-0.0020	-0.0860	-0.1280	below_baseline
2026-07-11T10:20:36Z	checkpoint-85	0.8372	80.5520	95.3260	50000	-0.0460	-0.1300	-0.1720	below_baseline
2026-07-11T10:20:36Z	checkpoint-86	0.8348	80.6660	95.3420	50000	0.0680	-0.0160	-0.0580	above_baseline
2026-07-11T10:20:36Z	checkpoint-87	0.8336	80.5620	95.4480	50000	-0.0360	-0.1200	-0.1620	below_baseline
2026-07-11T10:20:36Z	checkpoint-88	0.8373	80.5760	95.4020	50000	-0.0220	-0.1060	-0.1480	below_baseline
2026-07-11T10:20:36Z	checkpoint-89	0.8284	80.6100	95.4080	50000	0.0120	-0.0720	-0.1140	above_baseline
2026-07-11T10:20:36Z	checkpoint-90	0.8324	80.6420	95.4500	50000	0.0440	-0.0400	-0.0820	above_baseline
2026-07-11T10:20:36Z	checkpoint-91	0.8301	80.6460	95.3900	50000	0.0480	-0.0360	-0.0780	above_baseline
2026-07-11T10:20:36Z	checkpoint-92	0.8292	80.5700	95.3880	50000	-0.0280	-0.1120	-0.1540	below_baseline
2026-07-11T10:20:36Z	checkpoint-93	0.8294	80.6860	95.3840	50000	0.0880	0.0040	-0.0380	above_scheme_c
2026-07-11T10:20:36Z	checkpoint-94	0.8337	80.6920	95.4160	50000	0.0940	0.0100	-0.0320	above_scheme_c
2026-07-11T10:20:36Z	checkpoint-95	0.8336	80.5660	95.3780	50000	-0.0320	-0.1160	-0.1580	below_baseline
2026-07-11T10:20:36Z	checkpoint-96	0.8287	80.6260	95.4680	50000	0.0280	-0.0560	-0.0980	above_baseline
2026-07-11T10:20:36Z	checkpoint-97	0.8347	80.7060	95.4600	50000	0.1080	0.0240	-0.0180	above_scheme_c
2026-07-11T10:20:36Z	checkpoint-98	0.8344	80.5560	95.4080	50000	-0.0420	-0.1260	-0.1680	below_baseline
2026-07-11T10:20:36Z	checkpoint-99	0.8293	80.6400	95.4060	50000	0.0420	-0.0420	-0.0840	above_baseline
2026-07-11T10:20:36Z	checkpoint-100	0.8324	80.7600	95.4020	50000	0.1620	0.0780	0.0360	above_original_best
2026-07-11T10:20:36Z	checkpoint-101	0.8276	80.5780	95.3980	50000	-0.0200	-0.1040	-0.1460	below_baseline
2026-07-11T10:20:36Z	checkpoint-102	0.8324	80.6820	95.4100	50000	0.0840	0.0000	-0.0420	above_baseline
2026-07-11T10:20:36Z	checkpoint-103	0.8307	80.5960	95.3200	50000	-0.0020	-0.0860	-0.1280	below_baseline
2026-07-11T10:20:36Z	checkpoint-104	0.8372	80.6440	95.3720	50000	0.0460	-0.0380	-0.0800	above_baseline
2026-07-11T10:20:36Z	checkpoint-105	0.8300	80.5740	95.4260	50000	-0.0240	-0.1080	-0.1500	below_baseline
2026-07-11T10:20:36Z	checkpoint-106	0.8325	80.6240	95.4060	50000	0.0260	-0.0580	-0.1000	above_baseline
2026-07-11T10:20:36Z	checkpoint-107	0.8283	80.6340	95.3800	50000	0.0360	-0.0480	-0.0900	above_baseline
2026-07-11T10:20:36Z	checkpoint-108	0.8322	80.7240	95.4440	50000	0.1260	0.0420	0.0000	above_scheme_c
2026-07-11T10:20:36Z	checkpoint-109	0.8311	80.6000	95.3860	50000	0.0020	-0.0820	-0.1240	above_baseline
2026-07-11T10:20:36Z	checkpoint-110	0.8330	80.6600	95.3600	50000	0.0620	-0.0220	-0.0640	above_baseline
