timestamp	checkpoint	loss	acc1	acc5	samples	delta_vs_80.5980	delta_vs_scheme_c_80.6820	delta_vs_original10to60_80.7240	delta_vs_original10to110_80.7520	delta_vs_dynamic10to110_80.7600	status
2026-07-13T15:39:23Z	checkpoint-11	0.8487	80.2920	95.3400	50000	-0.3060	-0.3900	-0.4320	-0.4600	-0.4680	below_baseline
2026-07-13T15:39:23Z	checkpoint-12	0.8421	80.3580	95.2660	50000	-0.2400	-0.3240	-0.3660	-0.3940	-0.4020	below_baseline
2026-07-13T15:39:23Z	checkpoint-13	0.8463	80.2740	95.2420	50000	-0.3240	-0.4080	-0.4500	-0.4780	-0.4860	below_baseline
2026-07-13T15:39:23Z	checkpoint-14	0.8451	80.3440	95.2980	50000	-0.2540	-0.3380	-0.3800	-0.4080	-0.4160	below_baseline
2026-07-13T15:39:23Z	checkpoint-15	0.8448	80.2840	95.3420	50000	-0.3140	-0.3980	-0.4400	-0.4680	-0.4760	below_baseline
2026-07-13T15:39:23Z	checkpoint-16	0.8411	80.4040	95.2620	50000	-0.1940	-0.2780	-0.3200	-0.3480	-0.3560	below_baseline
2026-07-13T15:39:23Z	checkpoint-17	0.8428	80.4440	95.2980	50000	-0.1540	-0.2380	-0.2800	-0.3080	-0.3160	below_baseline
2026-07-13T15:39:23Z	checkpoint-18	0.8403	80.3760	95.2540	50000	-0.2220	-0.3060	-0.3480	-0.3760	-0.3840	below_baseline
2026-07-13T15:39:23Z	checkpoint-19	0.8382	80.3100	95.3480	50000	-0.2880	-0.3720	-0.4140	-0.4420	-0.4500	below_baseline
2026-07-13T15:39:23Z	checkpoint-20	0.8395	80.4080	95.3080	50000	-0.1900	-0.2740	-0.3160	-0.3440	-0.3520	below_baseline
2026-07-13T15:39:23Z	checkpoint-21	0.8402	80.4980	95.3380	50000	-0.1000	-0.1840	-0.2260	-0.2540	-0.2620	below_baseline
2026-07-13T15:39:23Z	checkpoint-22	0.8422	80.5180	95.3000	50000	-0.0800	-0.1640	-0.2060	-0.2340	-0.2420	below_baseline
2026-07-13T15:39:23Z	checkpoint-23	0.8423	80.4320	95.3520	50000	-0.1660	-0.2500	-0.2920	-0.3200	-0.3280	below_baseline
2026-07-13T15:39:23Z	checkpoint-24	0.8357	80.3440	95.3220	50000	-0.2540	-0.3380	-0.3800	-0.4080	-0.4160	below_baseline
2026-07-13T15:39:23Z	checkpoint-25	0.8411	80.4780	95.3100	50000	-0.1200	-0.2040	-0.2460	-0.2740	-0.2820	below_baseline
2026-07-13T15:39:23Z	checkpoint-26	0.8414	80.5480	95.3420	50000	-0.0500	-0.1340	-0.1760	-0.2040	-0.2120	below_baseline
2026-07-13T15:39:23Z	checkpoint-27	0.8420	80.5280	95.3160	50000	-0.0700	-0.1540	-0.1960	-0.2240	-0.2320	below_baseline
2026-07-13T15:39:23Z	checkpoint-28	0.8396	80.4220	95.2900	50000	-0.1760	-0.2600	-0.3020	-0.3300	-0.3380	below_baseline
2026-07-13T15:39:23Z	checkpoint-29	0.8438	80.3280	95.3380	50000	-0.2700	-0.3540	-0.3960	-0.4240	-0.4320	below_baseline
2026-07-13T15:39:23Z	checkpoint-30	0.8404	80.4140	95.3100	50000	-0.1840	-0.2680	-0.3100	-0.3380	-0.3460	below_baseline
2026-07-13T15:39:23Z	checkpoint-31	0.8405	80.4120	95.2920	50000	-0.1860	-0.2700	-0.3120	-0.3400	-0.3480	below_baseline
2026-07-13T15:39:23Z	checkpoint-32	0.8400	80.4620	95.3320	50000	-0.1360	-0.2200	-0.2620	-0.2900	-0.2980	below_baseline
2026-07-13T15:39:23Z	checkpoint-33	0.8372	80.4760	95.3360	50000	-0.1220	-0.2060	-0.2480	-0.2760	-0.2840	below_baseline
2026-07-13T15:39:23Z	checkpoint-34	0.8377	80.4700	95.3680	50000	-0.1280	-0.2120	-0.2540	-0.2820	-0.2900	below_baseline
2026-07-13T15:39:23Z	checkpoint-35	0.8375	80.6060	95.3600	50000	0.0080	-0.0760	-0.1180	-0.1460	-0.1540	above_baseline
2026-07-13T15:39:23Z	checkpoint-36	0.8388	80.5440	95.3220	50000	-0.0540	-0.1380	-0.1800	-0.2080	-0.2160	below_baseline
2026-07-13T15:39:23Z	checkpoint-37	0.8366	80.4540	95.3540	50000	-0.1440	-0.2280	-0.2700	-0.2980	-0.3060	below_baseline
2026-07-13T15:39:23Z	checkpoint-38	0.8387	80.5560	95.3400	50000	-0.0420	-0.1260	-0.1680	-0.1960	-0.2040	below_baseline
2026-07-13T15:39:23Z	checkpoint-39	0.8398	80.5500	95.3240	50000	-0.0480	-0.1320	-0.1740	-0.2020	-0.2100	below_baseline
2026-07-13T15:39:23Z	checkpoint-40	0.8344	80.3220	95.3000	50000	-0.2760	-0.3600	-0.4020	-0.4300	-0.4380	below_baseline
2026-07-13T15:39:23Z	checkpoint-41	0.8334	80.5960	95.3820	50000	-0.0020	-0.0860	-0.1280	-0.1560	-0.1640	below_baseline
2026-07-13T15:39:23Z	checkpoint-42	0.8355	80.4560	95.3860	50000	-0.1420	-0.2260	-0.2680	-0.2960	-0.3040	below_baseline
2026-07-13T15:39:23Z	checkpoint-43	0.8415	80.5860	95.3480	50000	-0.0120	-0.0960	-0.1380	-0.1660	-0.1740	below_baseline
2026-07-13T15:39:23Z	checkpoint-44	0.8317	80.5680	95.3100	50000	-0.0300	-0.1140	-0.1560	-0.1840	-0.1920	below_baseline
2026-07-13T15:39:23Z	checkpoint-45	0.8344	80.5120	95.3420	50000	-0.0860	-0.1700	-0.2120	-0.2400	-0.2480	below_baseline
2026-07-13T15:39:23Z	checkpoint-46	0.8383	80.5480	95.3300	50000	-0.0500	-0.1340	-0.1760	-0.2040	-0.2120	below_baseline
2026-07-13T15:39:23Z	checkpoint-47	0.8349	80.5060	95.3840	50000	-0.0920	-0.1760	-0.2180	-0.2460	-0.2540	below_baseline
2026-07-13T15:39:23Z	checkpoint-48	0.8357	80.5520	95.3520	50000	-0.0460	-0.1300	-0.1720	-0.2000	-0.2080	below_baseline
2026-07-13T15:39:23Z	checkpoint-49	0.8371	80.5280	95.3300	50000	-0.0700	-0.1540	-0.1960	-0.2240	-0.2320	below_baseline
2026-07-13T15:39:23Z	checkpoint-50	0.8352	80.5080	95.3280	50000	-0.0900	-0.1740	-0.2160	-0.2440	-0.2520	below_baseline
2026-07-13T15:39:23Z	checkpoint-51	0.8326	80.4500	95.3800	50000	-0.1480	-0.2320	-0.2740	-0.3020	-0.3100	below_baseline
2026-07-13T15:39:23Z	checkpoint-52	0.8401	80.3860	95.3440	50000	-0.2120	-0.2960	-0.3380	-0.3660	-0.3740	below_baseline
2026-07-13T15:39:23Z	checkpoint-53	0.8389	80.4860	95.3340	50000	-0.1120	-0.1960	-0.2380	-0.2660	-0.2740	below_baseline
2026-07-13T15:39:23Z	checkpoint-54	0.8336	80.4780	95.3960	50000	-0.1200	-0.2040	-0.2460	-0.2740	-0.2820	below_baseline
2026-07-13T15:39:23Z	checkpoint-55	0.8365	80.5020	95.3840	50000	-0.0960	-0.1800	-0.2220	-0.2500	-0.2580	below_baseline
2026-07-13T15:39:23Z	checkpoint-56	0.8371	80.5900	95.3100	50000	-0.0080	-0.0920	-0.1340	-0.1620	-0.1700	below_baseline
2026-07-13T15:39:23Z	checkpoint-57	0.8398	80.5220	95.3560	50000	-0.0760	-0.1600	-0.2020	-0.2300	-0.2380	below_baseline
2026-07-13T15:39:23Z	checkpoint-58	0.8367	80.5220	95.2880	50000	-0.0760	-0.1600	-0.2020	-0.2300	-0.2380	below_baseline
2026-07-13T15:39:23Z	checkpoint-59	0.8340	80.6220	95.3420	50000	0.0240	-0.0600	-0.1020	-0.1300	-0.1380	above_baseline
2026-07-13T15:39:23Z	checkpoint-60	0.8381	80.5360	95.3480	50000	-0.0620	-0.1460	-0.1880	-0.2160	-0.2240	below_baseline
2026-07-13T15:39:23Z	checkpoint-61	0.8322	80.6360	95.4420	50000	0.0380	-0.0460	-0.0880	-0.1160	-0.1240	above_baseline
2026-07-13T15:39:23Z	checkpoint-62	0.8381	80.5480	95.3720	50000	-0.0500	-0.1340	-0.1760	-0.2040	-0.2120	below_baseline
2026-07-13T15:39:23Z	checkpoint-63	0.8328	80.5280	95.4700	50000	-0.0700	-0.1540	-0.1960	-0.2240	-0.2320	below_baseline
2026-07-13T15:39:23Z	checkpoint-64	0.8338	80.5500	95.4100	50000	-0.0480	-0.1320	-0.1740	-0.2020	-0.2100	below_baseline
2026-07-13T15:39:23Z	checkpoint-65	0.8344	80.5740	95.3280	50000	-0.0240	-0.1080	-0.1500	-0.1780	-0.1860	below_baseline
2026-07-13T15:39:23Z	checkpoint-66	0.8342	80.5980	95.3500	50000	0.0000	-0.0840	-0.1260	-0.1540	-0.1620	below_baseline
2026-07-13T15:39:23Z	checkpoint-67	0.8320	80.6140	95.4040	50000	0.0160	-0.0680	-0.1100	-0.1380	-0.1460	above_baseline
2026-07-13T15:39:23Z	checkpoint-68	0.8356	80.5600	95.3720	50000	-0.0380	-0.1220	-0.1640	-0.1920	-0.2000	below_baseline
2026-07-13T15:39:23Z	checkpoint-69	0.8388	80.5440	95.3740	50000	-0.0540	-0.1380	-0.1800	-0.2080	-0.2160	below_baseline
2026-07-13T15:39:23Z	checkpoint-70	0.8329	80.5440	95.3600	50000	-0.0540	-0.1380	-0.1800	-0.2080	-0.2160	below_baseline
2026-07-13T15:39:23Z	checkpoint-71	0.8326	80.6240	95.3800	50000	0.0260	-0.0580	-0.1000	-0.1280	-0.1360	above_baseline
2026-07-13T15:39:23Z	checkpoint-72	0.8311	80.6940	95.3340	50000	0.0960	0.0120	-0.0300	-0.0580	-0.0660	above_scheme_c
2026-07-13T15:39:23Z	checkpoint-73	0.8362	80.5820	95.3760	50000	-0.0160	-0.1000	-0.1420	-0.1700	-0.1780	below_baseline
2026-07-13T15:39:23Z	checkpoint-74	0.8352	80.6360	95.3700	50000	0.0380	-0.0460	-0.0880	-0.1160	-0.1240	above_baseline
2026-07-13T15:39:23Z	checkpoint-75	0.8350	80.5060	95.3600	50000	-0.0920	-0.1760	-0.2180	-0.2460	-0.2540	below_baseline
2026-07-13T15:39:23Z	checkpoint-76	0.8353	80.6180	95.3520	50000	0.0200	-0.0640	-0.1060	-0.1340	-0.1420	above_baseline
2026-07-13T15:39:23Z	checkpoint-77	0.8317	80.5840	95.3980	50000	-0.0140	-0.0980	-0.1400	-0.1680	-0.1760	below_baseline
2026-07-13T15:39:23Z	checkpoint-78	0.8352	80.5700	95.3500	50000	-0.0280	-0.1120	-0.1540	-0.1820	-0.1900	below_baseline
2026-07-13T15:39:23Z	checkpoint-79	0.8340	80.7080	95.3680	50000	0.1100	0.0260	-0.0160	-0.0440	-0.0520	above_scheme_c
2026-07-13T15:39:23Z	checkpoint-80	0.8302	80.5840	95.3680	50000	-0.0140	-0.0980	-0.1400	-0.1680	-0.1760	below_baseline
2026-07-13T15:39:23Z	checkpoint-81	0.8339	80.5300	95.3340	50000	-0.0680	-0.1520	-0.1940	-0.2220	-0.2300	below_baseline
2026-07-13T15:39:23Z	checkpoint-82	0.8361	80.5400	95.3900	50000	-0.0580	-0.1420	-0.1840	-0.2120	-0.2200	below_baseline
2026-07-13T15:39:23Z	checkpoint-83	0.8319	80.5420	95.3440	50000	-0.0560	-0.1400	-0.1820	-0.2100	-0.2180	below_baseline
2026-07-13T15:39:23Z	checkpoint-84	0.8303	80.5960	95.3840	50000	-0.0020	-0.0860	-0.1280	-0.1560	-0.1640	below_baseline
2026-07-13T15:39:23Z	checkpoint-85	0.8346	80.4440	95.4020	50000	-0.1540	-0.2380	-0.2800	-0.3080	-0.3160	below_baseline
2026-07-13T15:39:23Z	checkpoint-86	0.8339	80.6240	95.3500	50000	0.0260	-0.0580	-0.1000	-0.1280	-0.1360	above_baseline
2026-07-13T15:39:23Z	checkpoint-87	0.8312	80.5420	95.4280	50000	-0.0560	-0.1400	-0.1820	-0.2100	-0.2180	below_baseline
2026-07-13T15:39:23Z	checkpoint-88	0.8362	80.6500	95.3760	50000	0.0520	-0.0320	-0.0740	-0.1020	-0.1100	above_baseline
2026-07-13T15:39:23Z	checkpoint-89	0.8294	80.5860	95.3920	50000	-0.0120	-0.0960	-0.1380	-0.1660	-0.1740	below_baseline
2026-07-13T15:39:23Z	checkpoint-90	0.8323	80.7000	95.3960	50000	0.1020	0.0180	-0.0240	-0.0520	-0.0600	above_scheme_c
2026-07-13T15:39:23Z	checkpoint-91	0.8371	80.5300	95.3880	50000	-0.0680	-0.1520	-0.1940	-0.2220	-0.2300	below_baseline
2026-07-13T15:39:23Z	checkpoint-92	0.8341	80.5440	95.3620	50000	-0.0540	-0.1380	-0.1800	-0.2080	-0.2160	below_baseline
2026-07-13T15:39:23Z	checkpoint-93	0.8314	80.6780	95.4180	50000	0.0800	-0.0040	-0.0460	-0.0740	-0.0820	above_baseline
2026-07-13T15:39:23Z	checkpoint-94	0.8326	80.4660	95.3860	50000	-0.1320	-0.2160	-0.2580	-0.2860	-0.2940	below_baseline
2026-07-13T15:39:23Z	checkpoint-95	0.8340	80.6220	95.3520	50000	0.0240	-0.0600	-0.1020	-0.1300	-0.1380	above_baseline
2026-07-13T15:39:23Z	checkpoint-96	0.8315	80.5480	95.4420	50000	-0.0500	-0.1340	-0.1760	-0.2040	-0.2120	below_baseline
2026-07-13T15:39:23Z	checkpoint-97	0.8356	80.6500	95.3300	50000	0.0520	-0.0320	-0.0740	-0.1020	-0.1100	above_baseline
2026-07-13T15:39:23Z	checkpoint-98	0.8336	80.6920	95.4140	50000	0.0940	0.0100	-0.0320	-0.0600	-0.0680	above_scheme_c
2026-07-13T15:39:23Z	checkpoint-99	0.8294	80.8280	95.4240	50000	0.2300	0.1460	0.1040	0.0760	0.0680	above_dynamic10to110_best
2026-07-13T15:39:23Z	checkpoint-100	0.8354	80.6200	95.3900	50000	0.0220	-0.0620	-0.1040	-0.1320	-0.1400	above_baseline
2026-07-13T15:39:23Z	checkpoint-101	0.8268	80.6000	95.4080	50000	0.0020	-0.0820	-0.1240	-0.1520	-0.1600	above_baseline
2026-07-13T15:39:23Z	checkpoint-102	0.8311	80.5780	95.3780	50000	-0.0200	-0.1040	-0.1460	-0.1740	-0.1820	below_baseline
2026-07-13T15:39:23Z	checkpoint-103	0.8307	80.5800	95.3880	50000	-0.0180	-0.1020	-0.1440	-0.1720	-0.1800	below_baseline
2026-07-13T15:39:23Z	checkpoint-104	0.8392	80.6320	95.3980	50000	0.0340	-0.0500	-0.0920	-0.1200	-0.1280	above_baseline
2026-07-13T15:39:23Z	checkpoint-105	0.8325	80.6700	95.3740	50000	0.0720	-0.0120	-0.0540	-0.0820	-0.0900	above_baseline
2026-07-13T15:39:23Z	checkpoint-106	0.8326	80.5940	95.3680	50000	-0.0040	-0.0880	-0.1300	-0.1580	-0.1660	below_baseline
2026-07-13T15:39:23Z	checkpoint-107	0.8310	80.6000	95.4220	50000	0.0020	-0.0820	-0.1240	-0.1520	-0.1600	above_baseline
2026-07-13T15:39:23Z	checkpoint-108	0.8329	80.5660	95.4040	50000	-0.0320	-0.1160	-0.1580	-0.1860	-0.1940	below_baseline
2026-07-13T15:39:23Z	checkpoint-109	0.8332	80.4720	95.4200	50000	-0.1260	-0.2100	-0.2520	-0.2800	-0.2880	below_baseline
2026-07-13T15:39:23Z	checkpoint-110	0.8343	80.5580	95.3900	50000	-0.0400	-0.1240	-0.1660	-0.1940	-0.2020	below_baseline
2026-07-13T15:39:23Z	checkpoint-111	0.8356	80.6780	95.3800	50000	0.0800	-0.0040	-0.0460	-0.0740	-0.0820	above_baseline
2026-07-13T15:39:23Z	checkpoint-112	0.8348	80.5320	95.4620	50000	-0.0660	-0.1500	-0.1920	-0.2200	-0.2280	below_baseline
2026-07-13T15:39:23Z	checkpoint-113	0.8346	80.6300	95.3860	50000	0.0320	-0.0520	-0.0940	-0.1220	-0.1300	above_baseline
2026-07-13T15:39:23Z	checkpoint-114	0.8295	80.6420	95.4280	50000	0.0440	-0.0400	-0.0820	-0.1100	-0.1180	above_baseline
2026-07-13T15:39:23Z	checkpoint-115	0.8304	80.6880	95.3700	50000	0.0900	0.0060	-0.0360	-0.0640	-0.0720	above_scheme_c
2026-07-13T15:39:23Z	checkpoint-116	0.8377	80.5960	95.3340	50000	-0.0020	-0.0860	-0.1280	-0.1560	-0.1640	below_baseline
2026-07-13T15:39:23Z	checkpoint-117	0.8311	80.6020	95.3760	50000	0.0040	-0.0800	-0.1220	-0.1500	-0.1580	above_baseline
2026-07-13T15:39:23Z	checkpoint-118	0.8339	80.5460	95.3820	50000	-0.0520	-0.1360	-0.1780	-0.2060	-0.2140	below_baseline
2026-07-13T15:39:23Z	checkpoint-119	0.8333	80.5600	95.3600	50000	-0.0380	-0.1220	-0.1640	-0.1920	-0.2000	below_baseline
2026-07-13T15:39:23Z	checkpoint-120	0.8297	80.5480	95.3980	50000	-0.0500	-0.1340	-0.1760	-0.2040	-0.2120	below_baseline
2026-07-13T15:39:23Z	checkpoint-121	0.8336	80.6260	95.4120	50000	0.0280	-0.0560	-0.0980	-0.1260	-0.1340	above_baseline
2026-07-13T15:39:23Z	checkpoint-122	0.8297	80.5720	95.4200	50000	-0.0260	-0.1100	-0.1520	-0.1800	-0.1880	below_baseline
2026-07-13T15:39:23Z	checkpoint-123	0.8323	80.6160	95.4240	50000	0.0180	-0.0660	-0.1080	-0.1360	-0.1440	above_baseline
2026-07-13T15:39:23Z	checkpoint-124	0.8312	80.6120	95.3900	50000	0.0140	-0.0700	-0.1120	-0.1400	-0.1480	above_baseline
2026-07-13T15:39:23Z	checkpoint-125	0.8286	80.6940	95.4020	50000	0.0960	0.0120	-0.0300	-0.0580	-0.0660	above_scheme_c
2026-07-13T15:39:23Z	checkpoint-126	0.8363	80.5520	95.4200	50000	-0.0460	-0.1300	-0.1720	-0.2000	-0.2080	below_baseline
2026-07-13T15:39:23Z	checkpoint-127	0.8310	80.8040	95.3740	50000	0.2060	0.1220	0.0800	0.0520	0.0440	above_dynamic10to110_best
2026-07-13T15:39:23Z	checkpoint-128	0.8294	80.5880	95.4160	50000	-0.0100	-0.0940	-0.1360	-0.1640	-0.1720	below_baseline
2026-07-13T15:39:23Z	checkpoint-129	0.8313	80.7180	95.4140	50000	0.1200	0.0360	-0.0060	-0.0340	-0.0420	above_scheme_c
2026-07-13T15:39:23Z	checkpoint-130	0.8259	80.5640	95.4220	50000	-0.0340	-0.1180	-0.1600	-0.1880	-0.1960	below_baseline
2026-07-13T15:39:23Z	checkpoint-131	0.8261	80.6480	95.4400	50000	0.0500	-0.0340	-0.0760	-0.1040	-0.1120	above_baseline
2026-07-13T15:39:23Z	checkpoint-132	0.8343	80.5600	95.4340	50000	-0.0380	-0.1220	-0.1640	-0.1920	-0.2000	below_baseline
2026-07-13T15:39:23Z	checkpoint-133	0.8271	80.6960	95.3380	50000	0.0980	0.0140	-0.0280	-0.0560	-0.0640	above_scheme_c
2026-07-13T15:39:23Z	checkpoint-134	0.8323	80.6580	95.4360	50000	0.0600	-0.0240	-0.0660	-0.0940	-0.1020	above_baseline
2026-07-13T15:39:23Z	checkpoint-135	0.8319	80.6200	95.4940	50000	0.0220	-0.0620	-0.1040	-0.1320	-0.1400	above_baseline
2026-07-13T15:39:23Z	checkpoint-136	0.8266	80.7160	95.4280	50000	0.1180	0.0340	-0.0080	-0.0360	-0.0440	above_scheme_c
2026-07-13T15:39:23Z	checkpoint-137	0.8332	80.7280	95.4260	50000	0.1300	0.0460	0.0040	-0.0240	-0.0320	above_original10to60_best
2026-07-13T15:39:23Z	checkpoint-138	0.8299	80.6300	95.4620	50000	0.0320	-0.0520	-0.0940	-0.1220	-0.1300	above_baseline
2026-07-13T15:39:23Z	checkpoint-139	0.8305	80.6260	95.4220	50000	0.0280	-0.0560	-0.0980	-0.1260	-0.1340	above_baseline
2026-07-13T15:39:23Z	checkpoint-140	0.8310	80.6120	95.4140	50000	0.0140	-0.0700	-0.1120	-0.1400	-0.1480	above_baseline
2026-07-13T15:39:23Z	checkpoint-141	0.8334	80.6700	95.4600	50000	0.0720	-0.0120	-0.0540	-0.0820	-0.0900	above_baseline
2026-07-13T15:39:23Z	checkpoint-142	0.8290	80.6720	95.3880	50000	0.0740	-0.0100	-0.0520	-0.0800	-0.0880	above_baseline
2026-07-13T15:39:23Z	checkpoint-143	0.8327	80.6040	95.4340	50000	0.0060	-0.0780	-0.1200	-0.1480	-0.1560	above_baseline
2026-07-13T15:39:23Z	checkpoint-144	0.8308	80.5620	95.4400	50000	-0.0360	-0.1200	-0.1620	-0.1900	-0.1980	below_baseline
2026-07-13T15:39:23Z	checkpoint-145	0.8295	80.4940	95.4340	50000	-0.1040	-0.1880	-0.2300	-0.2580	-0.2660	below_baseline
2026-07-13T15:39:23Z	checkpoint-146	0.8283	80.5000	95.4420	50000	-0.0980	-0.1820	-0.2240	-0.2520	-0.2600	below_baseline
2026-07-13T15:39:23Z	checkpoint-147	0.8351	80.6620	95.4040	50000	0.0640	-0.0200	-0.0620	-0.0900	-0.0980	above_baseline
2026-07-13T15:39:23Z	checkpoint-148	0.8299	80.6220	95.3580	50000	0.0240	-0.0600	-0.1020	-0.1300	-0.1380	above_baseline
2026-07-13T15:39:23Z	checkpoint-149	0.8300	80.6060	95.4000	50000	0.0080	-0.0760	-0.1180	-0.1460	-0.1540	above_baseline
2026-07-13T15:39:23Z	checkpoint-150	0.8325	80.5160	95.3900	50000	-0.0820	-0.1660	-0.2080	-0.2360	-0.2440	below_baseline
2026-07-13T15:39:23Z	checkpoint-151	0.8337	80.6040	95.4000	50000	0.0060	-0.0780	-0.1200	-0.1480	-0.1560	above_baseline
2026-07-13T15:39:23Z	checkpoint-152	0.8318	80.6380	95.3980	50000	0.0400	-0.0440	-0.0860	-0.1140	-0.1220	above_baseline
2026-07-13T15:39:23Z	checkpoint-153	0.8293	80.6880	95.3740	50000	0.0900	0.0060	-0.0360	-0.0640	-0.0720	above_scheme_c
2026-07-13T15:39:23Z	checkpoint-154	0.8248	80.5660	95.4600	50000	-0.0320	-0.1160	-0.1580	-0.1860	-0.1940	below_baseline
2026-07-13T15:39:23Z	checkpoint-155	0.8291	80.6280	95.3960	50000	0.0300	-0.0540	-0.0960	-0.1240	-0.1320	above_baseline
2026-07-13T15:39:23Z	checkpoint-156	0.8312	80.6980	95.3760	50000	0.1000	0.0160	-0.0260	-0.0540	-0.0620	above_scheme_c
2026-07-13T15:39:23Z	checkpoint-157	0.8257	80.7280	95.4260	50000	0.1300	0.0460	0.0040	-0.0240	-0.0320	above_original10to60_best
2026-07-13T15:39:23Z	checkpoint-158	0.8301	80.6020	95.4140	50000	0.0040	-0.0800	-0.1220	-0.1500	-0.1580	above_baseline
2026-07-13T15:39:23Z	checkpoint-159	0.8306	80.6420	95.3820	50000	0.0440	-0.0400	-0.0820	-0.1100	-0.1180	above_baseline
2026-07-13T15:39:23Z	checkpoint-160	0.8287	80.7680	95.4420	50000	0.1700	0.0860	0.0440	0.0160	0.0080	above_dynamic10to110_best
2026-07-13T15:39:23Z	checkpoint-161	0.8313	80.5180	95.4300	50000	-0.0800	-0.1640	-0.2060	-0.2340	-0.2420	below_baseline
2026-07-13T15:39:23Z	checkpoint-162	0.8314	80.7060	95.3920	50000	0.1080	0.0240	-0.0180	-0.0460	-0.0540	above_scheme_c
2026-07-13T15:39:23Z	checkpoint-163	0.8349	80.5340	95.4420	50000	-0.0640	-0.1480	-0.1900	-0.2180	-0.2260	below_baseline
2026-07-13T15:39:23Z	checkpoint-164	0.8290	80.5780	95.4500	50000	-0.0200	-0.1040	-0.1460	-0.1740	-0.1820	below_baseline
2026-07-13T15:39:23Z	checkpoint-165	0.8322	80.6480	95.4260	50000	0.0500	-0.0340	-0.0760	-0.1040	-0.1120	above_baseline
2026-07-13T15:39:23Z	checkpoint-166	0.8304	80.5840	95.3860	50000	-0.0140	-0.0980	-0.1400	-0.1680	-0.1760	below_baseline
2026-07-13T15:39:23Z	checkpoint-167	0.8255	80.6600	95.4840	50000	0.0620	-0.0220	-0.0640	-0.0920	-0.1000	above_baseline
2026-07-13T15:39:23Z	checkpoint-168	0.8303	80.6920	95.4020	50000	0.0940	0.0100	-0.0320	-0.0600	-0.0680	above_scheme_c
2026-07-13T15:39:23Z	checkpoint-169	0.8313	80.6680	95.4180	50000	0.0700	-0.0140	-0.0560	-0.0840	-0.0920	above_baseline
2026-07-13T15:39:23Z	checkpoint-170	0.8358	80.6340	95.4300	50000	0.0360	-0.0480	-0.0900	-0.1180	-0.1260	above_baseline
2026-07-13T15:39:23Z	checkpoint-171	0.8343	80.6140	95.3860	50000	0.0160	-0.0680	-0.1100	-0.1380	-0.1460	above_baseline
2026-07-13T15:39:23Z	checkpoint-172	0.8368	80.7180	95.4400	50000	0.1200	0.0360	-0.0060	-0.0340	-0.0420	above_scheme_c
2026-07-13T15:39:23Z	checkpoint-173	0.8311	80.6440	95.4180	50000	0.0460	-0.0380	-0.0800	-0.1080	-0.1160	above_baseline
2026-07-13T15:39:23Z	checkpoint-174	0.8324	80.6820	95.4700	50000	0.0840	0.0000	-0.0420	-0.0700	-0.0780	above_baseline
2026-07-13T15:39:23Z	checkpoint-175	0.8295	80.6180	95.4000	50000	0.0200	-0.0640	-0.1060	-0.1340	-0.1420	above_baseline
2026-07-13T15:39:23Z	checkpoint-176	0.8289	80.7460	95.3800	50000	0.1480	0.0640	0.0220	-0.0060	-0.0140	above_original10to60_best
2026-07-13T15:39:23Z	checkpoint-177	0.8310	80.5480	95.3840	50000	-0.0500	-0.1340	-0.1760	-0.2040	-0.2120	below_baseline
2026-07-13T15:39:23Z	checkpoint-178	0.8308	80.6600	95.4240	50000	0.0620	-0.0220	-0.0640	-0.0920	-0.1000	above_baseline
2026-07-13T15:39:23Z	checkpoint-179	0.8321	80.6620	95.3780	50000	0.0640	-0.0200	-0.0620	-0.0900	-0.0980	above_baseline
2026-07-13T15:39:23Z	checkpoint-180	0.8231	80.4940	95.4720	50000	-0.1040	-0.1880	-0.2300	-0.2580	-0.2660	below_baseline
2026-07-13T15:39:23Z	checkpoint-181	0.8296	80.7160	95.3820	50000	0.1180	0.0340	-0.0080	-0.0360	-0.0440	above_scheme_c
2026-07-13T15:39:23Z	checkpoint-182	0.8325	80.7020	95.4320	50000	0.1040	0.0200	-0.0220	-0.0500	-0.0580	above_scheme_c
2026-07-13T15:39:23Z	checkpoint-183	0.8276	80.6500	95.3580	50000	0.0520	-0.0320	-0.0740	-0.1020	-0.1100	above_baseline
2026-07-13T15:39:23Z	checkpoint-184	0.8290	80.6860	95.4220	50000	0.0880	0.0040	-0.0380	-0.0660	-0.0740	above_scheme_c
2026-07-13T15:39:23Z	checkpoint-185	0.8286	80.7060	95.4080	50000	0.1080	0.0240	-0.0180	-0.0460	-0.0540	above_scheme_c
2026-07-13T15:39:23Z	checkpoint-186	0.8312	80.6380	95.4620	50000	0.0400	-0.0440	-0.0860	-0.1140	-0.1220	above_baseline
2026-07-13T15:39:23Z	checkpoint-187	0.8268	80.7200	95.4000	50000	0.1220	0.0380	-0.0040	-0.0320	-0.0400	above_scheme_c
2026-07-13T15:39:23Z	checkpoint-188	0.8341	80.5920	95.4180	50000	-0.0060	-0.0900	-0.1320	-0.1600	-0.1680	below_baseline
2026-07-13T15:39:23Z	checkpoint-189	0.8287	80.6180	95.3920	50000	0.0200	-0.0640	-0.1060	-0.1340	-0.1420	above_baseline
2026-07-13T15:39:23Z	checkpoint-190	0.8320	80.6460	95.4360	50000	0.0480	-0.0360	-0.0780	-0.1060	-0.1140	above_baseline
2026-07-13T15:39:23Z	checkpoint-191	0.8306	80.7580	95.4380	50000	0.1600	0.0760	0.0340	0.0060	-0.0020	above_original10to110_best
2026-07-13T15:39:23Z	checkpoint-192	0.8304	80.6020	95.3840	50000	0.0040	-0.0800	-0.1220	-0.1500	-0.1580	above_baseline
2026-07-13T15:39:23Z	checkpoint-193	0.8289	80.6820	95.3940	50000	0.0840	0.0000	-0.0420	-0.0700	-0.0780	above_baseline
2026-07-13T15:39:23Z	checkpoint-194	0.8316	80.6860	95.3940	50000	0.0880	0.0040	-0.0380	-0.0660	-0.0740	above_scheme_c
2026-07-13T15:39:23Z	checkpoint-195	0.8277	80.7820	95.3920	50000	0.1840	0.1000	0.0580	0.0300	0.0220	above_dynamic10to110_best
2026-07-13T15:39:23Z	checkpoint-196	0.8256	80.5840	95.4620	50000	-0.0140	-0.0980	-0.1400	-0.1680	-0.1760	below_baseline
2026-07-13T15:39:23Z	checkpoint-197	0.8308	80.6620	95.4580	50000	0.0640	-0.0200	-0.0620	-0.0900	-0.0980	above_baseline
2026-07-13T15:39:23Z	checkpoint-198	0.8314	80.6640	95.4440	50000	0.0660	-0.0180	-0.0600	-0.0880	-0.0960	above_baseline
2026-07-13T15:39:23Z	checkpoint-199	0.8311	80.7100	95.4300	50000	0.1120	0.0280	-0.0140	-0.0420	-0.0500	above_scheme_c
2026-07-13T15:39:23Z	checkpoint-200	0.8358	80.5120	95.4360	50000	-0.0860	-0.1700	-0.2120	-0.2400	-0.2480	below_baseline
2026-07-13T15:39:23Z	checkpoint-201	0.8333	80.7600	95.4140	50000	0.1620	0.0780	0.0360	0.0080	0.0000	above_original10to110_best
2026-07-13T15:39:23Z	checkpoint-202	0.8260	80.5360	95.4940	50000	-0.0620	-0.1460	-0.1880	-0.2160	-0.2240	below_baseline
2026-07-13T15:39:23Z	checkpoint-203	0.8298	80.6100	95.4500	50000	0.0120	-0.0720	-0.1140	-0.1420	-0.1500	above_baseline
2026-07-13T15:39:23Z	checkpoint-204	0.8259	80.5820	95.4000	50000	-0.0160	-0.1000	-0.1420	-0.1700	-0.1780	below_baseline
2026-07-13T15:39:23Z	checkpoint-205	0.8314	80.6900	95.4180	50000	0.0920	0.0080	-0.0340	-0.0620	-0.0700	above_scheme_c
2026-07-13T15:39:23Z	checkpoint-206	0.8271	80.7000	95.4820	50000	0.1020	0.0180	-0.0240	-0.0520	-0.0600	above_scheme_c
2026-07-13T15:39:23Z	checkpoint-207	0.8315	80.7540	95.4160	50000	0.1560	0.0720	0.0300	0.0020	-0.0060	above_original10to110_best
2026-07-13T15:39:23Z	checkpoint-208	0.8332	80.6640	95.4320	50000	0.0660	-0.0180	-0.0600	-0.0880	-0.0960	above_baseline
2026-07-13T15:39:23Z	checkpoint-209	0.8257	80.6320	95.4660	50000	0.0340	-0.0500	-0.0920	-0.1200	-0.1280	above_baseline
2026-07-13T15:39:23Z	checkpoint-210	0.8303	80.6140	95.3940	50000	0.0160	-0.0680	-0.1100	-0.1380	-0.1460	above_baseline
