epoch	phase	top1	top5	samples	rolling_best	drop	applied_head	applied_weight	applied_spike_score	next_head	next_weight	next_spike_score	triggered	reason	prior_source	cooldown_state	window_pulses
10	observe	80.3360	95.2440	50000	80.3360	0.0000		0	0.000000		0	0.000000	0	observe_only_before_start	offline_attn_relation_oscillation_20260710_no_live_probe	{}	0
11	observe	80.3760	95.2920	50000	80.3760	0.0000		0	0.000000		0	0.000000	0	observe_only_before_start	offline_attn_relation_oscillation_20260710_no_live_probe	{}	0
12	observe	80.3460	95.2740	50000	80.3760	0.0300		0	0.000000		0	0.000000	0	observe_only_before_start	offline_attn_relation_oscillation_20260710_no_live_probe	{}	0
13	observe	80.3700	95.3000	50000	80.3760	0.0060		0	0.000000		0	0.000000	0	observe_only_before_start	offline_attn_relation_oscillation_20260710_no_live_probe	{}	0
14	observe	80.3720	95.3000	50000	80.3760	0.0040		0	0.000000		0	0.000000	0	observe_only_before_start	offline_attn_relation_oscillation_20260710_no_live_probe	{}	0
15	observe	80.3800	95.3140	50000	80.3800	0.0000		0	0.000000		0	0.000000	0	observe_only_before_start	offline_attn_relation_oscillation_20260710_no_live_probe	{}	0
16	observe	80.3640	95.3100	50000	80.3800	0.0160		0	0.000000		0	0.000000	0	observe_only_before_start	offline_attn_relation_oscillation_20260710_no_live_probe	{}	0
17	observe	80.3020	95.2420	50000	80.3800	0.0780		0	0.000000		0	0.000000	0	observe_only_before_start	offline_attn_relation_oscillation_20260710_no_live_probe	{}	0
18	observe	80.3360	95.2660	50000	80.3800	0.0440		0	0.000000		0	0.000000	0	observe_only_before_start	offline_attn_relation_oscillation_20260710_no_live_probe	{}	0
19	observe	80.4580	95.3380	50000	80.4580	0.0000		0	0.000000		0	0.000000	0	observe_only_before_start	offline_attn_relation_oscillation_20260710_no_live_probe	{}	0
20	observe	80.4660	95.3400	50000	80.4660	0.0000		0	0.000000		0	0.000000	0	observe_only_before_start	offline_attn_relation_oscillation_20260710_no_live_probe	{}	0
21	observe	80.5440	95.3640	50000	80.5440	0.0000		0	0.000000		0	0.000000	0	observe_only_before_start	offline_attn_relation_oscillation_20260710_no_live_probe	{}	0
22	observe	80.3720	95.3100	50000	80.5440	0.1720		0	0.000000		0	0.000000	0	observe_only_before_start	offline_attn_relation_oscillation_20260710_no_live_probe	{}	0
23	observe	80.3720	95.2980	50000	80.5440	0.1720		0	0.000000		0	0.000000	0	observe_only_before_start	offline_attn_relation_oscillation_20260710_no_live_probe	{}	0
24	observe	80.4600	95.3220	50000	80.5440	0.0840		0	0.000000		0	0.000000	0	observe_only_before_start	offline_attn_relation_oscillation_20260710_no_live_probe	{}	0
25	observe	80.3800	95.3140	50000	80.5440	0.1640		0	0.000000		0	0.000000	0	observe_only_before_start	offline_attn_relation_oscillation_20260710_no_live_probe	{}	0
26	observe	80.4660	95.3280	50000	80.5440	0.0780		0	0.000000		0	0.000000	0	observe_only_before_start	offline_attn_relation_oscillation_20260710_no_live_probe	{}	0
27	observe	80.4700	95.2960	50000	80.5440	0.0740		0	0.000000		0	0.000000	0	observe_only_before_start	offline_attn_relation_oscillation_20260710_no_live_probe	{}	0
28	observe	80.3600	95.3560	50000	80.5440	0.1840		0	0.000000		0	0.000000	0	observe_only_before_start	offline_attn_relation_oscillation_20260710_no_live_probe	{}	0
29	observe	80.4880	95.3300	50000	80.5440	0.0560		0	0.000000		0	0.000000	0	observe_only_before_start	offline_attn_relation_oscillation_20260710_no_live_probe	{}	0
30	observe	80.3800	95.2800	50000	80.5440	0.1640		0	0.000000		0	0.000000	0	observe_only_before_start	offline_attn_relation_oscillation_20260710_no_live_probe	{}	0
31	observe	80.5980	95.3180	50000	80.5980	0.0000		0	0.000000		0	0.000000	0	observe_only_before_start	offline_attn_relation_oscillation_20260710_no_live_probe	{}	0
32	observe	80.5200	95.3880	50000	80.5980	0.0780		0	0.000000		0	0.000000	0	observe_only_before_start	offline_attn_relation_oscillation_20260710_no_live_probe	{}	0
33	observe	80.4040	95.3000	50000	80.5980	0.1940		0	0.000000		0	0.000000	0	observe_only_before_start	offline_attn_relation_oscillation_20260710_no_live_probe	{}	0
34	observe	80.4500	95.3840	50000	80.5980	0.1480		0	0.000000		0	0.000000	0	observe_only_before_start	offline_attn_relation_oscillation_20260710_no_live_probe	{}	0
35	observe	80.6020	95.3420	50000	80.6020	0.0000		0	0.000000		0	0.000000	0	observe_only_before_start	offline_attn_relation_oscillation_20260710_no_live_probe	{}	0
36	observe	80.5460	95.4000	50000	80.6020	0.0560		0	0.000000		0	0.000000	0	observe_only_before_start	offline_attn_relation_oscillation_20260710_no_live_probe	{}	0
37	observe	80.5040	95.3220	50000	80.6020	0.0980		0	0.000000		0	0.000000	0	observe_only_before_start	offline_attn_relation_oscillation_20260710_no_live_probe	{}	0
38	observe	80.5040	95.3260	50000	80.6020	0.0980		0	0.000000		0	0.000000	0	observe_only_before_start	offline_attn_relation_oscillation_20260710_no_live_probe	{}	0
39	observe	80.4740	95.3960	50000	80.6020	0.1280		0	0.000000		0	0.000000	0	observe_only_before_start	offline_attn_relation_oscillation_20260710_no_live_probe	{}	0
40	observe	80.5280	95.3220	50000	80.6020	0.0740		0	0.000000		0	0.000000	0	observe_only_before_start	offline_attn_relation_oscillation_20260710_no_live_probe	{}	0
41	observe	80.5480	95.3680	50000	80.6020	0.0540		0	0.000000		0	0.000000	0	observe_only_before_start	offline_attn_relation_oscillation_20260710_no_live_probe	{}	0
42	observe	80.5740	95.3700	50000	80.6020	0.0280		0	0.000000		0	0.000000	0	observe_only_before_start	offline_attn_relation_oscillation_20260710_no_live_probe	{}	0
43	observe	80.4960	95.2740	50000	80.6020	0.1060		0	0.000000		0	0.000000	0	observe_only_before_start	offline_attn_relation_oscillation_20260710_no_live_probe	{}	0
44	observe	80.5420	95.3280	50000	80.6020	0.0600		0	0.000000		0	0.000000	0	observe_only_before_start	offline_attn_relation_oscillation_20260710_no_live_probe	{}	0
45	observe	80.5320	95.3120	50000	80.6020	0.0700		0	0.000000		0	0.000000	0	observe_only_before_start	offline_attn_relation_oscillation_20260710_no_live_probe	{}	0
46	observe	80.5780	95.3820	50000	80.6020	0.0240		0	0.000000		0	0.000000	0	observe_only_before_start	offline_attn_relation_oscillation_20260710_no_live_probe	{}	0
47	observe	80.5840	95.3080	50000	80.6020	0.0180		0	0.000000		0	0.000000	0	observe_only_before_start	offline_attn_relation_oscillation_20260710_no_live_probe	{}	0
48	observe	80.5820	95.3620	50000	80.6020	0.0200		0	0.000000		0	0.000000	0	observe_only_before_start	offline_attn_relation_oscillation_20260710_no_live_probe	{}	0
49	observe	80.5800	95.3700	50000	80.6020	0.0220		0	0.000000		0	0.000000	0	observe_only_before_start	offline_attn_relation_oscillation_20260710_no_live_probe	{}	0
50	observe	80.5200	95.3340	50000	80.6020	0.0820		0	0.000000		0	0.000000	0	observe_only_before_start	offline_attn_relation_oscillation_20260710_no_live_probe	{}	0
51	observe	80.5120	95.3500	50000	80.6020	0.0900		0	0.000000		0	0.000000	0	observe_only_before_start	offline_attn_relation_oscillation_20260710_no_live_probe	{}	0
52	observe	80.5300	95.3280	50000	80.6020	0.0720		0	0.000000		0	0.000000	0	observe_only_before_start	offline_attn_relation_oscillation_20260710_no_live_probe	{}	0
53	observe	80.4860	95.3340	50000	80.6020	0.1160		0	0.000000		0	0.000000	0	observe_only_before_start	offline_attn_relation_oscillation_20260710_no_live_probe	{}	0
54	observe	80.4300	95.3240	50000	80.6020	0.1720		0	0.000000		0	0.000000	0	observe_only_before_start	offline_attn_relation_oscillation_20260710_no_live_probe	{}	0
55	observe	80.5120	95.3700	50000	80.6020	0.0900		0	0.000000		0	0.000000	0	observe_only_before_start	offline_attn_relation_oscillation_20260710_no_live_probe	{}	0
56	observe	80.6200	95.4140	50000	80.6200	0.0000		0	0.000000		0	0.000000	0	observe_only_before_start	offline_attn_relation_oscillation_20260710_no_live_probe	{}	0
57	observe	80.5560	95.3520	50000	80.6200	0.0640		0	0.000000		0	0.000000	0	observe_only_before_start	offline_attn_relation_oscillation_20260710_no_live_probe	{}	0
58	observe	80.6460	95.3240	50000	80.6460	0.0000		0	0.000000		0	0.000000	0	observe_only_before_start	offline_attn_relation_oscillation_20260710_no_live_probe	{}	0
59	observe	80.5900	95.4140	50000	80.6460	0.0560		0	0.000000		0	0.000000	0	observe_only_before_start	offline_attn_relation_oscillation_20260710_no_live_probe	{}	0
60	observe	80.5280	95.4380	50000	80.6460	0.1180		0	0.000000		0	0.000000	0	observe_only_before_start	offline_attn_relation_oscillation_20260710_no_live_probe	{}	0
61	dynamic	80.6180	95.3320	50000	80.6460	0.0280		0	0.000000		0	0.000000	0	drop_below_threshold:0.0280<0.0600	offline_attn_relation_oscillation_20260710_no_live_probe	{}	0
62	dynamic	80.5500	95.4160	50000	80.6460	0.0960		0	0.000000	8:4	1e-05	1.000000	1	offline_prior_validation_drop:head=8:4,spike_score=1.000000,drop=0.0960,threshold=0.0600	offline_attn_relation_oscillation_20260710_no_live_probe	{"8:4": 68}	0
63	dynamic	80.5300	95.3660	50000	80.6460	0.1160	8:4	1e-05	1.000000	5:7	1e-05	0.800000	1	offline_prior_validation_drop:head=5:7,spike_score=0.800000,drop=0.1160,threshold=0.0600	offline_attn_relation_oscillation_20260710_no_live_probe	{"5:7": 69, "8:4": 68}	1
64	dynamic	80.5620	95.3280	50000	80.6460	0.0840	5:7	1e-05	0.800000	4:11	1e-05	0.775000	1	offline_prior_validation_drop:head=4:11,spike_score=0.775000,drop=0.0840,threshold=0.0600	offline_attn_relation_oscillation_20260710_no_live_probe	{"4:11": 70, "5:7": 69, "8:4": 68}	2
65	dynamic	80.6580	95.3560	50000	80.6580	0.0000	4:11	1e-05	0.775000		0	0.000000	0	drop_below_threshold:0.0000<0.0600	offline_attn_relation_oscillation_20260710_no_live_probe	{"4:11": 70, "5:7": 69, "8:4": 68}	3
66	dynamic	80.6700	95.4260	50000	80.6700	0.0000		0	0.000000		0	0.000000	0	drop_below_threshold:0.0000<0.0600	offline_attn_relation_oscillation_20260710_no_live_probe	{"4:11": 70, "5:7": 69, "8:4": 68}	3
67	dynamic	80.6520	95.3920	50000	80.6700	0.0180		0	0.000000		0	0.000000	0	drop_below_threshold:0.0180<0.0600	offline_attn_relation_oscillation_20260710_no_live_probe	{"4:11": 70, "5:7": 69, "8:4": 68}	3
68	dynamic	80.6160	95.3500	50000	80.6700	0.0540		0	0.000000		0	0.000000	0	drop_below_threshold:0.0540<0.0600	offline_attn_relation_oscillation_20260710_no_live_probe	{"4:11": 70, "5:7": 69, "8:4": 68}	3
69	dynamic	80.6500	95.4240	50000	80.6700	0.0200		0	0.000000		0	0.000000	0	drop_below_threshold:0.0200<0.0600	offline_attn_relation_oscillation_20260710_no_live_probe	{"4:11": 70, "5:7": 69, "8:4": 68}	3
70	dynamic	80.5720	95.3960	50000	80.6700	0.0980		0	0.000000		0	0.000000	0	window_limit:3/10	offline_attn_relation_oscillation_20260710_no_live_probe	{"4:11": 70, "5:7": 69, "8:4": 68}	3
71	dynamic	80.5840	95.4000	50000	80.6700	0.0860		0	0.000000		0	0.000000	0	window_limit:3/10	offline_attn_relation_oscillation_20260710_no_live_probe	{"4:11": 70, "5:7": 69, "8:4": 68}	3
72	dynamic	80.5000	95.3460	50000	80.6700	0.1700		0	0.000000		0	0.000000	0	window_limit:3/10	offline_attn_relation_oscillation_20260710_no_live_probe	{"4:11": 70, "5:7": 69, "8:4": 68}	3
73	dynamic	80.5420	95.3240	50000	80.6700	0.1280		0	0.000000	8:4	2e-05	1.000000	1	offline_prior_validation_drop:head=8:4,spike_score=1.000000,drop=0.1280,threshold=0.0600	offline_attn_relation_oscillation_20260710_no_live_probe	{"4:11": 70, "5:7": 69, "8:4": 79}	2
74	dynamic	80.7120	95.3680	50000	80.7120	0.0000	8:4	2e-05	1.000000		0	0.000000	0	drop_below_threshold:0.0000<0.0600	offline_attn_relation_oscillation_20260710_no_live_probe	{"4:11": 70, "5:7": 69, "8:4": 79}	2
75	dynamic	80.4920	95.4100	50000	80.7120	0.2200		0	0.000000	5:7	2e-05	0.800000	1	offline_prior_validation_drop:head=5:7,spike_score=0.800000,drop=0.2200,threshold=0.0600	offline_attn_relation_oscillation_20260710_no_live_probe	{"4:11": 70, "5:7": 81, "8:4": 79}	1
76	dynamic	80.5920	95.3900	50000	80.7120	0.1200	5:7	2e-05	0.800000	4:11	2e-05	0.775000	1	offline_prior_validation_drop:head=4:11,spike_score=0.775000,drop=0.1200,threshold=0.0600	offline_attn_relation_oscillation_20260710_no_live_probe	{"4:11": 82, "5:7": 81, "8:4": 79}	2
77	dynamic	80.5320	95.3880	50000	80.7120	0.1800	4:11	2e-05	0.775000		0	0.000000	0	window_limit:3/10	offline_attn_relation_oscillation_20260710_no_live_probe	{"4:11": 82, "5:7": 81, "8:4": 79}	3
78	dynamic	80.6320	95.3840	50000	80.7120	0.0800		0	0.000000		0	0.000000	0	window_limit:3/10	offline_attn_relation_oscillation_20260710_no_live_probe	{"4:11": 82, "5:7": 81, "8:4": 79}	3
79	dynamic	80.4960	95.4400	50000	80.7120	0.2160		0	0.000000		0	0.000000	0	window_limit:3/10	offline_attn_relation_oscillation_20260710_no_live_probe	{"4:11": 82, "5:7": 81, "8:4": 79}	3
80	dynamic	80.6840	95.4080	50000	80.7120	0.0280		0	0.000000		0	0.000000	0	drop_below_threshold:0.0280<0.0600	offline_attn_relation_oscillation_20260710_no_live_probe	{"4:11": 82, "5:7": 81, "8:4": 79}	3
81	dynamic	80.6700	95.3860	50000	80.7120	0.0420		0	0.000000		0	0.000000	0	drop_below_threshold:0.0420<0.0600	offline_attn_relation_oscillation_20260710_no_live_probe	{"4:11": 82, "5:7": 81, "8:4": 79}	3
82	dynamic	80.5840	95.3820	50000	80.7120	0.1280		0	0.000000		0	0.000000	0	window_limit:3/10	offline_attn_relation_oscillation_20260710_no_live_probe	{"4:11": 82, "5:7": 81, "8:4": 79}	3
83	dynamic	80.5960	95.3800	50000	80.7120	0.1160		0	0.000000		0	0.000000	0	window_limit:3/10	offline_attn_relation_oscillation_20260710_no_live_probe	{"4:11": 82, "5:7": 81, "8:4": 79}	3
84	dynamic	80.5520	95.3260	50000	80.7120	0.1600		0	0.000000	8:4	2e-05	1.000000	1	offline_prior_validation_drop:head=8:4,spike_score=1.000000,drop=0.1600,threshold=0.0600	offline_attn_relation_oscillation_20260710_no_live_probe	{"4:11": 82, "5:7": 81, "8:4": 90}	2
85	dynamic	80.6660	95.3420	50000	80.7120	0.0460	8:4	2e-05	1.000000		0	0.000000	0	drop_below_threshold:0.0460<0.0600	offline_attn_relation_oscillation_20260710_no_live_probe	{"4:11": 82, "5:7": 81, "8:4": 90}	3
86	dynamic	80.5620	95.4480	50000	80.7120	0.1500		0	0.000000	5:7	2e-05	0.800000	1	offline_prior_validation_drop:head=5:7,spike_score=0.800000,drop=0.1500,threshold=0.0600	offline_attn_relation_oscillation_20260710_no_live_probe	{"4:11": 82, "5:7": 92, "8:4": 90}	2
87	dynamic	80.5760	95.4020	50000	80.7120	0.1360	5:7	2e-05	0.800000	4:11	2e-05	0.775000	1	offline_prior_validation_drop:head=4:11,spike_score=0.775000,drop=0.1360,threshold=0.0600	offline_attn_relation_oscillation_20260710_no_live_probe	{"4:11": 93, "5:7": 92, "8:4": 90}	2
88	dynamic	80.6100	95.4080	50000	80.7120	0.1020	4:11	2e-05	0.775000		0	0.000000	0	window_limit:3/10	offline_attn_relation_oscillation_20260710_no_live_probe	{"4:11": 93, "5:7": 92, "8:4": 90}	3
89	dynamic	80.6420	95.4500	50000	80.7120	0.0700		0	0.000000		0	0.000000	0	window_limit:3/10	offline_attn_relation_oscillation_20260710_no_live_probe	{"4:11": 93, "5:7": 92, "8:4": 90}	3
90	dynamic	80.6460	95.3900	50000	80.7120	0.0660		0	0.000000		0	0.000000	0	window_limit:3/10	offline_attn_relation_oscillation_20260710_no_live_probe	{"4:11": 93, "5:7": 92, "8:4": 90}	3
91	dynamic	80.5700	95.3880	50000	80.7120	0.1420		0	0.000000		0	0.000000	0	window_limit:3/10	offline_attn_relation_oscillation_20260710_no_live_probe	{"4:11": 93, "5:7": 92, "8:4": 90}	3
92	dynamic	80.6860	95.3840	50000	80.7120	0.0260		0	0.000000		0	0.000000	0	drop_below_threshold:0.0260<0.0600	offline_attn_relation_oscillation_20260710_no_live_probe	{"4:11": 93, "5:7": 92, "8:4": 90}	3
93	dynamic	80.6920	95.4160	50000	80.7120	0.0200		0	0.000000		0	0.000000	0	drop_below_threshold:0.0200<0.0600	offline_attn_relation_oscillation_20260710_no_live_probe	{"4:11": 93, "5:7": 92, "8:4": 90}	3
94	dynamic	80.5660	95.3780	50000	80.7120	0.1460		0	0.000000		0	0.000000	0	window_limit:3/10	offline_attn_relation_oscillation_20260710_no_live_probe	{"4:11": 93, "5:7": 92, "8:4": 90}	3
95	dynamic	80.6260	95.4680	50000	80.7120	0.0860		0	0.000000	8:4	1e-05	1.000000	1	offline_prior_validation_drop:head=8:4,spike_score=1.000000,drop=0.0860,threshold=0.0600	offline_attn_relation_oscillation_20260710_no_live_probe	{"4:11": 93, "5:7": 92, "8:4": 101}	2
96	dynamic	80.7060	95.4600	50000	80.7120	0.0060	8:4	1e-05	1.000000		0	0.000000	0	drop_below_threshold:0.0060<0.0600	offline_attn_relation_oscillation_20260710_no_live_probe	{"4:11": 93, "5:7": 92, "8:4": 101}	3
97	dynamic	80.5560	95.4080	50000	80.7120	0.1560		0	0.000000	5:7	2e-05	0.800000	1	offline_prior_validation_drop:head=5:7,spike_score=0.800000,drop=0.1560,threshold=0.0600	offline_attn_relation_oscillation_20260710_no_live_probe	{"4:11": 93, "5:7": 103, "8:4": 101}	2
98	dynamic	80.6400	95.4060	50000	80.7120	0.0720	5:7	2e-05	0.800000	4:11	1e-05	0.775000	1	offline_prior_validation_drop:head=4:11,spike_score=0.775000,drop=0.0720,threshold=0.0600	offline_attn_relation_oscillation_20260710_no_live_probe	{"4:11": 104, "5:7": 103, "8:4": 101}	2
99	dynamic	80.7600	95.4020	50000	80.7600	0.0000	4:11	1e-05	0.775000		0	0.000000	0	drop_below_threshold:0.0000<0.0600	offline_attn_relation_oscillation_20260710_no_live_probe	{"4:11": 104, "5:7": 103, "8:4": 101}	3
100	dynamic	80.5780	95.3980	50000	80.7600	0.1820		0	0.000000		0	0.000000	0	window_limit:3/10	offline_attn_relation_oscillation_20260710_no_live_probe	{"4:11": 104, "5:7": 103, "8:4": 101}	3
101	dynamic	80.6820	95.4100	50000	80.7600	0.0780		0	0.000000		0	0.000000	0	window_limit:3/10	offline_attn_relation_oscillation_20260710_no_live_probe	{"4:11": 104, "5:7": 103, "8:4": 101}	3
102	dynamic	80.5960	95.3200	50000	80.7600	0.1640		0	0.000000		0	0.000000	0	window_limit:3/10	offline_attn_relation_oscillation_20260710_no_live_probe	{"4:11": 104, "5:7": 103, "8:4": 101}	3
103	dynamic	80.6440	95.3720	50000	80.7600	0.1160		0	0.000000		0	0.000000	0	window_limit:3/10	offline_attn_relation_oscillation_20260710_no_live_probe	{"4:11": 104, "5:7": 103, "8:4": 101}	3
104	dynamic	80.5740	95.4260	50000	80.7600	0.1860		0	0.000000		0	0.000000	0	window_limit:3/10	offline_attn_relation_oscillation_20260710_no_live_probe	{"4:11": 104, "5:7": 103, "8:4": 101}	3
105	dynamic	80.6240	95.4060	50000	80.7600	0.1360		0	0.000000		0	0.000000	0	window_limit:3/10	offline_attn_relation_oscillation_20260710_no_live_probe	{"4:11": 104, "5:7": 103, "8:4": 101}	3
106	dynamic	80.6340	95.3800	50000	80.7600	0.1260		0	0.000000	8:4	2e-05	1.000000	1	offline_prior_validation_drop:head=8:4,spike_score=1.000000,drop=0.1260,threshold=0.0600	offline_attn_relation_oscillation_20260710_no_live_probe	{"4:11": 104, "5:7": 103, "8:4": 112}	2
107	dynamic	80.7240	95.4440	50000	80.7600	0.0360	8:4	2e-05	1.000000		0	0.000000	0	drop_below_threshold:0.0360<0.0600	offline_attn_relation_oscillation_20260710_no_live_probe	{"4:11": 104, "5:7": 103, "8:4": 112}	3
108	dynamic	80.6000	95.3860	50000	80.7600	0.1600		0	0.000000	5:7	2e-05	0.800000	1	offline_prior_validation_drop:head=5:7,spike_score=0.800000,drop=0.1600,threshold=0.0600	offline_attn_relation_oscillation_20260710_no_live_probe	{"4:11": 104, "5:7": 114, "8:4": 112}	2
109	dynamic	80.6600	95.3600	50000	80.7600	0.1000	5:7	2e-05	0.800000	4:11	1e-05	0.775000	1	offline_prior_validation_drop:head=4:11,spike_score=0.775000,drop=0.1000,threshold=0.0600	offline_attn_relation_oscillation_20260710_no_live_probe	{"4:11": 115, "5:7": 114, "8:4": 112}	2
