name	kind	stage	module	numel	attn_rel	full_rel	extra_rel	extra_over_full	full_minus_attn_rel	cos_attn_full	extra_l2	attn_l2	full_l2	base_l2	max_abs_extra
features.5.5.attn.move_v_aft.bias	move_v_shift	features.5.5	features.5.5.attn.move_v_aft	384	0.0275208782473	0.015787483646352976	0.017386719865977018	1.1012977277093476	-0.011733394600947022	0.8105512610981203	0.002483902731910348	0.003931689541786909	0.002255432540550828	0.14286206662654877	0.0003866516053676605
features.7.1.attn.move_v_aft.bias	move_v_shift	features.7.1	features.7.1.attn.move_v_aft	768	0.01910945405872577	0.007360424881628466	0.016317171899669303	2.2168790745214686	-0.011749029177097303	0.5442338527031313	0.004729728680104017	0.005539105273783207	0.0021335077472031116	0.2898620367050171	0.0005414942279458046
features.5.5.attn.move_v_b4.bias	move_v_shift	features.5.5	features.5.5.attn.move_v_b4	384	0.02427227555305951	0.013931174136205182	0.015342007808694845	1.1012716989031888	-0.01034110141685433	0.810081162445566	0.002483932999894023	0.003929779399186373	0.002255513332784176	0.16190403699874878	0.000385066494345665
features.5.5.attn.proj.move_b4.bias	move_shift	features.5.5	features.5.5.attn.proj.move_b4	384	0.022817382368356082	0.013080326397220935	0.014368657117239647	1.0984937746119572	-0.009737055971135146	0.8129590697897346	0.0024715643376111984	0.003924836404621601	0.0022499575279653072	0.17201080918312073	0.0003888647770509124
features.7.1.attn.move_v_b4.bias	move_v_shift	features.7.1	features.7.1.attn.move_v_b4	768	0.016653606897121583	0.006446766806764914	0.014184988029862813	2.200325908326294	-0.01020684009035667	0.5480971466692454	0.0047324360348284245	0.005556023679673672	0.0021507886704057455	0.33362284302711487	0.0005399505607783794
features.5.5.attn.proj.move_aft.bias	move_shift	features.5.5	features.5.5.attn.proj.move_aft	384	0.022175623783916184	0.012693303283186576	0.013967380028905069	1.1003739308274563	-0.009482320500729608	0.8131792182739926	0.0024743706453591585	0.003928489983081818	0.002248663455247879	0.17715352773666382	0.0003888647770509124
features.7.1.attn.proj.move_b4.bias	move_shift	features.7.1	features.7.1.attn.proj.move_b4	768	0.015321874088006648	0.005928785576896646	0.013062519865303572	2.203237019771087	-0.009393088511110002	0.5464594819342096	0.004730141721665859	0.00554828904569149	0.0021469055209308863	0.3621155619621277	0.0005330761196091771
features.7.1.attn.proj.move_aft.bias	move_shift	features.7.1	features.7.1.attn.proj.move_aft	768	0.013008528944510895	0.0050473698433877705	0.011101193477374899	2.199401633291812	-0.007961159101123124	0.5441859253000717	0.004740844015032053	0.005555385258048773	0.0021555153653025627	0.427057147026062	0.0005342415533959866
features.7.1.attn.quant_x_4_qkv.move_aft.bias	act_quant	features.7.1	features.7.1.attn.quant_x_4_qkv	768	0.008539417321779933	0.004543013298423289	0.0063344084477460014	1.3943187113153377	-0.003996404023356643	0.6887009897024942	0.004133617039769888	0.005572529975324869	0.0029646141920238733	0.652565598487854	0.0005601323209702969
features.7.1.attn.quant_x_4_qkv.move_b4.bias	act_quant	features.7.1	features.7.1.attn.quant_x_4_qkv	768	0.008479792880294757	0.004535944764950549	0.006272965751662127	1.3829457977825519	-0.003943848115344209	0.6906686224771408	0.0041337646543979645	0.005588021595031023	0.002989100990816951	0.6589809060096741	0.0005604829639196396
features.5.5.attn.quant_x_4_qkv.move_aft.bias	act_quant	features.5.5	features.5.5.attn.quant_x_4_qkv	384	0.009451694070437725	0.00594537952891993	0.005342398424491173	0.8985798801412601	-0.0035063145415177954	0.855438359687646	0.002401534002274275	0.004248759243637323	0.0026725882198661566	0.44952356815338135	0.00033549219369888306
features.5.5.attn.quant_x_4_qkv.move_b4.bias	act_quant	features.5.5	features.5.5.attn.quant_x_4_qkv	384	0.008988977468202175	0.005644374295246441	0.005084100243117895	0.900737615398682	-0.003344603172955735	0.8555131134397362	0.0024014862719923258	0.004245963878929615	0.002666132990270853	0.4723522663116455	0.00033256784081459045
features.7.1.attn.quan_a_softmax_fn.s	softmax_quant	features.7.1	features.7.1.attn.quan_a_softmax_fn	49	0.0052486374861014816	0.005031336313283964	0.005031518177164463	1.0000361462381313	-0.00021730117281751815	0.5215600665908813	0.0013656159862875938	0.0014245448401197791	0.0013655666261911392	0.27141231298446655	0.00047999992966651917
features.5.5.mlp.fc1.move_aft.bias	move_shift	features.5.5	features.5.5.mlp.fc1.move_aft	384	0.0	0.004124307627171239	0.004124307627171239	1.0	0.004124307627171239	0.0	0.0032599037513136864	0.0	0.0032599037513136864	0.7904123663902283	0.0005801673978567123
features.5.5.attn.move_qkx_aft.bias	move_shift	features.5.5	features.5.5.attn.move_qkx_aft	4608	0.002407720409619583	0.002376093229111426	0.0033385328464629574	1.405051285681854	-3.1627180508156464e-05	0.025968778662790046	0.01157987117767334	0.008351300843060017	0.00824160035699606	3.46855092048645	0.0007325652986764908
features.7.1.mlp.fc2.move_b4.bias	move_shift	features.7.1	features.7.1.mlp.fc2.move_b4	3072	0.0	0.003282518840349597	0.003282518840349597	1.0	0.003282518840349597	0.0	0.006776111666113138	0.0	0.006776111666113138	2.064302444458008	0.000575874000787735
features.7.1.attn.move_qkx_aft.bias	move_shift	features.7.1	features.7.1.attn.move_qkx_aft	18432	0.0023093390015925122	0.002303107634046388	0.003219479057151644	1.3978847577762834	-6.2313675461244494e-06	0.02559930959809395	0.016098646447062492	0.011547592468559742	0.011516433209180832	5.0003886222839355	0.0007544234395027161
features.5.5.mlp.fc1.move_b4.bias	move_shift	features.5.5	features.5.5.mlp.fc1.move_b4	384	0.0	0.002752345996943777	0.002752345996943777	1.0	0.002752345996943777	0.0	0.0033496280666440725	0.0	0.0033496280666440725	1.217008352279663	0.0005810782313346863
features.5.5.mlp.fc2.move_aft.bias	move_shift	features.5.5	features.5.5.mlp.fc2.move_aft	1536	0.0	0.0026551164628252568	0.0026551164628252568	1.0	0.0026551164628252568	0.0	0.0039743646048009396	0.0	0.0039743646048009396	1.4968701601028442	0.00040224380791187286
features.7.1.mlp.fc1.move_aft.bias	move_shift	features.7.1	features.7.1.mlp.fc1.move_aft	768	0.0	0.002336650432805089	0.002336650432805089	1.0	0.002336650432805089	0.0	0.0031223122496157885	0.0	0.0031223122496157885	1.336234211921692	0.00035066792042925954
features.7.1.mlp.fc1.move_b4.bias	move_shift	features.7.1	features.7.1.mlp.fc1.move_b4	768	0.0	0.002207004494791226	0.002207004494791226	1.0	0.002207004494791226	0.0	0.0030397202353924513	0.0	0.0030397202353924513	1.3773058652877808	0.0003517697914503515
features.7.1.mlp.fc1.weight	mlp	features.7.1	features.7.1.mlp.fc1	2359296	0.0	0.0019340742875284653	0.0019340742875284653	1.0	0.0019340742875284653	0.0	0.16159144043922424	0.0	0.16159144043922424	83.54975891113281	0.0005418509244918823
features.5.5.mlp.fc1.weight	mlp	features.5.5	features.5.5.mlp.fc1	589824	0.0	0.001833964017911462	0.001833964017911462	1.0	0.001833964017911462	0.0	0.0834864154458046	0.0	0.0834864154458046	45.52238464355469	0.0005391985177993774
features.7.1.attn.move_qkx_b4.bias	move_shift	features.7.1	features.7.1.attn.move_qkx_b4	18432	0.0024048626458825044	0.002359292093216884	0.0017137672029200412	0.7263904320483384	-4.557055266562056e-05	0.7413606548856625	0.020164666697382927	0.02829628996551037	0.02776009403169155	11.766281127929688	0.0007510855793952942
features.5.5.attn.quan_a_softmax_fn.s	softmax_quant	features.5.5	features.5.5.attn.quan_a_softmax_fn	49	0.0033665196700575755	0.0032912725347976953	0.0015627349859505637	0.47481178462986817	-7.524713525988029e-05	0.8900518825329935	0.0005637729773297906	0.001214507152326405	0.001187360961921513	0.3607604503631592	0.0001808367669582367
features.7.1.mlp.fc2.weight	mlp	features.7.1	features.7.1.mlp.fc2	2359296	0.0	0.0015132698870331605	0.0015132698870331605	1.0	0.0015132698870331605	0.0	0.1517675817012787	0.0	0.1517675817012787	100.29115295410156	0.0007472038269042969
features.7.1.mlp.fc2.move_aft.bias	move_shift	features.7.1	features.7.1.mlp.fc2.move_aft	3072	0.0	0.0015024545974740423	0.0015024545974740423	1.0	0.0015024545974740423	0.0	0.004033864475786686	0.0	0.004033864475786686	2.684849500656128	0.0003043860197067261
features.5.5.mlp.fc2.move_b4.bias	move_shift	features.5.5	features.5.5.mlp.fc2.move_b4	1536	0.0	0.001411555809785241	0.001411555809785241	1.0	0.001411555809785241	0.0	0.004997242707759142	0.0	0.004997242707759142	3.5402374267578125	0.0005209818482398987
features.5.5.mlp.fc2.weight	mlp	features.5.5	features.5.5.mlp.fc2	589824	0.0	0.001325004607696331	0.001325004607696331	1.0	0.001325004607696331	0.0	0.08035284280776978	0.0	0.08035284280776978	60.6434440612793	0.0017462968826293945
features.7.1.attn.proj.weight	attn_proj	features.7.1	features.7.1.attn.proj	589824	0.0022854835763724845	0.0019280774509067514	0.0012177081444907153	0.6315659902137447	-0.00035740612546573323	0.8462530087116695	0.04845332354307175	0.09094073623418808	0.07671933621168137	39.79058837890625	0.00042560696601867676
features.7.1.attn.v.weight	attn_qkv	features.7.1	features.7.1.attn.v	589824	0.0023593352360924253	0.0020411827765240325	0.0011812867967930752	0.5787266139903013	-0.0003181524595683931	0.8656367272472005	0.044648345559835434	0.0891742929816246	0.07714928686618805	37.796363830566406	0.0003510117530822754
features.5.5.attn.move_qkx_b4.bias	move_shift	features.5.5	features.5.5.attn.move_qkx_b4	4608	0.0024736923560765775	0.0024675763405846937	0.0009624665783167861	0.3900453098398281	-6.116015491883866e-06	0.9241234315600203	0.006092670373618603	0.015659132972359657	0.015620416961610317	6.330266952514648	0.0003836303949356079
features.7.1.attn.k.weight	attn_qkv	features.7.1	features.7.1.attn.k	589824	0.0019550762162410086	0.0018501114876489462	0.0009362440550863629	0.5060473713809039	-0.00010496472859206226	0.8803621619125029	0.042224105447530746	0.08817289024591446	0.08343903720378876	45.099464416503906	0.00029115541838109493
features.7.1.attn.v.bias	attn_qkv	features.7.1	features.7.1.attn.v	768	0.0010889178665559073	0.00042153310939658216	0.000927527205079399	2.200366197585616	-0.0006673847571593252	0.5480488767082257	0.0023662790190428495	0.0027780139353126287	0.0010754023678600788	2.5511693954467773	0.0002700313925743103
features.7.1.attn.q.weight	attn_qkv	features.7.1	features.7.1.attn.q	589824	0.00196285135405115	0.0018648127398261985	0.0008984793244226306	0.48180672795401924	-9.803861422495151e-05	0.8910480178583371	0.0407659150660038	0.08905873447656631	0.08461051434278488	45.37212371826172	0.00026191025972366333
features.5.5.attn.proj.weight	attn_proj	features.5.5	features.5.5.attn.proj	147456	0.002283930022602996	0.002083908088172442	0.0008940218984074108	0.42901215436591317	-0.00020002193443055348	0.9202379669513481	0.01745535433292389	0.04459265246987343	0.04068731889128685	19.524526596069336	0.00021560065215453506
features.5.5.attn.v.weight	attn_qkv	features.5.5	features.5.5.attn.v	147456	0.0022993029878910554	0.002109570470642267	0.0008573954538377362	0.4064312928957044	-0.00018973251724878852	0.9279340254509941	0.016721345484256744	0.044842131435871124	0.041141875088214874	19.50248908996582	0.00021231360733509064
features.5.5.mlp.fc2.input_quant_fn.s	act_quant	features.5.5	features.5.5.mlp.fc2.input_quant_fn	14	0.0	0.0008461966875089519	0.0008461966875089519	1.0	0.0008461966875089519	0.0	0.0016973114106804132	0.0	0.0016973114106804132	2.005811929702759	0.0010471343994140625
features.7.1.attn.proj.input_quant_fn.s	act_quant	features.7.1	features.7.1.attn.proj.input_quant_fn	49	0.0008741782863925577	0.0008975862161286091	0.0008160612464832244	0.9091731042873954	2.3407929736051342e-05	0.5759843772549299	0.0012071479577571154	0.0012931168312206864	0.001327742706052959	1.4792369604110718	0.0003905743360519409
features.7.1.attn.quant_x_4_qkv.input_quant_fn.s	act_quant	features.7.1	features.7.1.attn.quant_x_4_qkv.input_quant_fn	49	0.0010975674932326572	0.001061998311602759	0.000732130658751615	0.6893896635736543	-3.5569181629898273e-05	0.7706144035687872	0.0010121375089511275	0.001517337397672236	0.0014681646134704351	1.382454752922058	0.0003545433282852173
features.7.1.attn.quan_a_qkx_fn.s	act_quant	features.7.1	features.7.1.attn.quan_a_qkx_fn	1176	0.0010560264795855152	0.0010369826395168996	0.0007237262821092522	0.6979155238764803	-1.904384006861557e-05	0.7610143709735985	0.0036347941495478153	0.005303716287016869	0.0052080717869102955	5.022332668304443	0.0003417283296585083
features.5.5.attn.k.weight	attn_qkv	features.5.5	features.5.5.attn.k	147456	0.0019065154644303597	0.0018559248582245213	0.0006613333554878401	0.3563362776015121	-5.059060620583849e-05	0.9385587366334307	0.015730995684862137	0.04534987732768059	0.04414648935198784	23.786787033081055	0.000194525346159935
features.5.5.attn.q.weight	attn_qkv	features.5.5	features.5.5.attn.q	147456	0.0018575521264849195	0.0018134353952950395	0.0006464411825988489	0.3564732354271023	-4.411673118988007e-05	0.9382618079340908	0.015871645882725716	0.04560725763440132	0.04452408850193024	24.552343368530273	0.00018492713570594788
features.5.5.attn.v.bias	attn_qkv	features.5.5	features.5.5.attn.v	384	0.0009701729325329659	0.0005568079815443651	0.0006132257469842603	1.1013235573301494	-0.00041336495098860085	0.8100932121093969	0.0012419599806889892	0.0019648815505206585	0.0011276976438239217	2.025290012359619	0.00019253604114055634
features.7.1.attn.quan_a_v_fn.s	act_quant	features.7.1	features.7.1.attn.quan_a_v_fn	768	0.0007793293487674905	0.0007272815683738706	0.0005142452633270012	0.7070786414631717	-5.2047780393619875e-05	0.7691045453765657	0.0038073104806244373	0.005769909825176001	0.005384564399719238	7.403686046600342	0.0004921853542327881
features.5.5.attn.proj.input_quant_fn.s	act_quant	features.5.5	features.5.5.attn.proj.input_quant_fn	49	0.0006499236797350168	0.0005501625980529582	0.0004413808745337836	0.8022735025896774	-9.976108168205865e-05	0.7414937761470752	0.0007860204204916954	0.0011573978699743748	0.0009797412203624845	1.7808212041854858	0.0002706944942474365
features.5.5.attn.quan_a_qkx_fn.s	act_quant	features.5.5	features.5.5.attn.quan_a_qkx_fn	588	0.0011664461904234127	0.0011509598749538338	0.00038580157940076826	0.33519985170312144	-1.5486315469579127e-05	0.9446557286305406	0.0013548398856073618	0.004096271004527807	0.004041886888444424	3.5117530822753906	0.00017608702182769775
features.5.5.mlp.fc1.input_quant_fn.s	act_quant	features.5.5	features.5.5.mlp.fc1.input_quant_fn	14	0.0	0.0003308242799623639	0.0003308242799623639	1.0	0.0003308242799623639	0.0	0.0006445273174904287	0.0	0.0006445273174904287	1.948246717453003	0.0003522038459777832
features.5.5.norm2.bias	norm	features.5.5	features.5.5.norm2	384	0.0	0.0002837278641124382	0.0002837278641124382	1.0	0.0002837278641124382	0.0	0.0016748416237533092	0.0	0.0016748416237533092	5.9029860496521	0.0002905316650867462
features.5.5.attn.proj.bias	attn_proj	features.5.5	features.5.5.attn.proj	384	0.0004490958581855541	0.000261691553672301	0.000280970778315173	1.0736715586434789	-0.0001874043045132531	0.813553035762208	0.0013226830633357167	0.0021141397301107645	0.001231925212778151	4.707546710968018	0.00020509958267211914
features.5.5.norm1.bias	norm	features.5.5	features.5.5.norm1	384	0.0	0.0002800137663953451	0.0002800137663953451	1.0	0.0002800137663953451	0.0	0.0013330489164218307	0.0	0.0013330489164218307	4.760654926300049	0.00022398307919502258
features.5.5.attn.quan_a_v_fn.s	act_quant	features.5.5	features.5.5.attn.quan_a_v_fn	384	0.0006590373319549529	0.0006409051551716265	0.00026077324407802077	0.4068827375997451	-1.8132176783326424e-05	0.9198897507600224	0.0015262431697919965	0.0038571872282773256	0.0037510639522224665	5.852759838104248	0.0002466142177581787
features.5.5.mlp.fc2.bias	mlp	features.5.5	features.5.5.mlp.fc2	384	0.0	0.0002550486832874586	0.0002550486832874586	1.0	0.0002550486832874586	0.0	0.0010520064970478415	0.0	0.0010520064970478415	4.124728202819824	0.00017392635345458984
features.5.5.attn.quant_x_4_qkv.input_quant_fn.s	act_quant	features.5.5	features.5.5.attn.quant_x_4_qkv.input_quant_fn	49	0.0006916063363327821	0.0006781767697106678	0.0002320043193503274	0.34210006846637936	-1.3429566622114422e-05	0.9428121995250249	0.0004858211614191532	0.0014482359401881695	0.0014201141893863678	2.094017744064331	0.00022405385971069336
features.7.1.norm1.bias	norm	features.7.1	features.7.1.norm1	768	0.0	0.00022038232942555805	0.00022038232942555805	1.0	0.00022038232942555805	0.0	0.0014944423455744982	0.0	0.0014944423455744982	6.781135082244873	0.0001800544559955597
features.7.1.mlp.fc2.input_quant_fn.s	act_quant	features.7.1	features.7.1.mlp.fc2.input_quant_fn	7	0.0	0.00020952810394231063	0.00020952810394231063	1.0	0.00020952810394231063	0.0	0.000404972059186548	0.0	0.000404972059186548	1.9327815771102905	0.00023728609085083008
features.7.1.norm1.weight	norm	features.7.1	features.7.1.norm1	768	0.0	0.00017741438554504904	0.00017741438554504904	1.0	0.00017741438554504904	0.0	0.0028434586711227894	0.0	0.0028434586711227894	16.0272159576416	0.0003647804260253906
features.7.1.mlp.fc1.input_quant_fn.s	act_quant	features.7.1	features.7.1.mlp.fc1.input_quant_fn	7	0.0	0.0001471406633509698	0.0001471406633509698	1.0	0.0001471406633509698	0.0	0.0003379383124411106	0.0	0.0003379383124411106	2.2967023849487305	0.00024646520614624023
features.7.1.attn.proj.bias	attn_proj	features.7.1	features.7.1.attn.proj	768	0.00014690772711140054	5.1039168893644984e-05	0.00013003764608800737	2.5478010106116495	-9.586855821775555e-05	0.4852654903481749	0.003003387013450265	0.0033930232748389244	0.001178815378807485	23.096288681030273	0.0003574639558792114
features.5.5.norm1.weight	norm	features.5.5	features.5.5.norm1	384	0.0	0.00012119331959579589	0.00012119331959579589	1.0	0.00012119331959579589	0.0	0.0020682932808995247	0.0	0.0020682932808995247	17.06606674194336	0.00033462047576904297
features.5.5.mlp.fc1.bias	mlp	features.5.5	features.5.5.mlp.fc1	1536	0.0	0.00011248414511115167	0.00011248414511115167	1.0	0.00011248414511115167	0.0	0.0031398062128573656	0.0	0.0031398062128573656	27.91332244873047	0.00028955936431884766
features.7.1.norm2.bias	norm	features.7.1	features.7.1.norm2	768	0.0	0.00010290103106613868	0.00010290103106613868	1.0	0.00010290103106613868	0.0	0.001519840327091515	0.0	0.001519840327091515	14.769923210144043	0.00017593801021575928
features.5.5.norm2.weight	norm	features.5.5	features.5.5.norm2	384	0.0	9.659425976924076e-05	9.659425976924076e-05	1.0	9.659425976924076e-05	0.0	0.0023248924408107996	0.0	0.0023248924408107996	24.068639755249023	0.00040030479431152344
features.7.1.mlp.fc1.bias	mlp	features.7.1	features.7.1.mlp.fc1	3072	0.0	9.64980132919108e-05	9.64980132919108e-05	1.0	9.64980132919108e-05	0.0	0.0035813983995467424	0.0	0.0035813983995467424	37.11370086669922	0.0002948641777038574
features.7.1.mlp.fc2.bias	mlp	features.7.1	features.7.1.mlp.fc2	768	0.0	7.094260282185885e-05	7.094260282185885e-05	1.0	7.094260282185885e-05	0.0	0.0010665854206308722	0.0	0.0010665854206308722	15.034483909606934	0.00013081729412078857
features.7.1.attn.relative_position_bias_table	relpos	features.7.1	features.7.1.attn	4056	0.00010777332802583809	0.00010674914954631404	5.5764403763654316e-05	0.5223873351746043	-1.0241784795240458e-06	0.8648978566743352	0.003988839220255613	0.007709048222750425	0.007635788526386023	71.53020477294922	0.0003021359443664551
features.7.1.norm2.weight	norm	features.7.1	features.7.1.norm2	768	0.0	4.2741184252661905e-05	4.2741184252661905e-05	1.0	4.2741184252661905e-05	0.0	0.0028673617634922266	0.0	0.0028673617634922266	67.08662414550781	0.0003390312194824219
features.5.5.attn.relative_position_bias_table	relpos	features.5.5	features.5.5.attn	2028	0.00010470575998068759	0.00010323111912027971	4.118285781324456e-05	0.3989384031113754	-1.4746408604078798e-06	0.9216453229026733	0.0021693140733987093	0.005515393801033497	0.005437716841697693	52.6751708984375	0.0001571178436279297
